{
"type": "FeatureCollection",
"name": "puentes_y_vados",
"crs": { "type": "name", "properties": { "name": "urn:ogc:def:crs:OGC:1.3:CRS84" } },
"features": [
{ "type": "Feature", "properties": { "element": "node", "id": 513692891, "name": "nan", "bridge": "nan", "ford": "yes", "highway": "nan" }, "geometry": { "type": "Point", "coordinates": [ -0.4142445, 39.4274069 ] } },
{ "type": "Feature", "properties": { "element": "node", "id": 7012358567, "name": "nan", "bridge": "nan", "ford": "yes", "highway": "nan" }, "geometry": { "type": "Point", "coordinates": [ -0.4239203, 39.4713981 ] } },
{ "type": "Feature", "properties": { "element": "node", "id": 7012358568, "name": "nan", "bridge": "nan", "ford": "yes", "highway": "nan" }, "geometry": { "type": "Point", "coordinates": [ -0.4235953, 39.4709788 ] } },
{ "type": "Feature", "properties": { "element": "node", "id": 7012358611, "name": "nan", "bridge": "nan", "ford": "yes", "highway": "nan" }, "geometry": { "type": "Point", "coordinates": [ -0.4179707, 39.4634253 ] } },
{ "type": "Feature", "properties": { "element": "node", "id": 7012359502, "name": "nan", "bridge": "nan", "ford": "yes", "highway": "nan" }, "geometry": { "type": "Point", "coordinates": [ -0.4543256, 39.487538 ] } },
{ "type": "Feature", "properties": { "element": "node", "id": 7012359521, "name": "nan", "bridge": "nan", "ford": "yes", "highway": "nan" }, "geometry": { "type": "Point", "coordinates": [ -0.4515569, 39.4880655 ] } },
{ "type": "Feature", "properties": { "element": "node", "id": 7012359540, "name": "nan", "bridge": "nan", "ford": "yes", "highway": "nan" }, "geometry": { "type": "Point", "coordinates": [ -0.4515209, 39.4880609 ] } },
{ "type": "Feature", "properties": { "element": "node", "id": 7012359544, "name": "nan", "bridge": "nan", "ford": "yes", "highway": "nan" }, "geometry": { "type": "Point", "coordinates": [ -0.4512493, 39.4880265 ] } },
{ "type": "Feature", "properties": { "element": "node", "id": 8357559708, "name": "nan", "bridge": "nan", "ford": "yes", "highway": "nan" }, "geometry": { "type": "Point", "coordinates": [ -0.4908341, 39.3838772 ] } },
{ "type": "Feature", "properties": { "element": "node", "id": 8593447206, "name": "nan", "bridge": "nan", "ford": "yes", "highway": "nan" }, "geometry": { "type": "Point", "coordinates": [ -0.4485329, 39.5008059 ] } },
{ "type": "Feature", "properties": { "element": "node", "id": 9854275693, "name": "nan", "bridge": "nan", "ford": "yes", "highway": "nan" }, "geometry": { "type": "Point", "coordinates": [ -0.3243931, 39.4961277 ] } },
{ "type": "Feature", "properties": { "element": "node", "id": 12188818199, "name": "nan", "bridge": "nan", "ford": "yes", "highway": "nan" }, "geometry": { "type": "Point", "coordinates": [ -0.4736706, 39.4679038 ] } },
{ "type": "Feature", "properties": { "element": "node", "id": 12188882932, "name": "nan", "bridge": "nan", "ford": "yes", "highway": "nan" }, "geometry": { "type": "Point", "coordinates": [ -0.4399979, 39.3790036 ] } },
{ "type": "Feature", "properties": { "element": "node", "id": 12188882934, "name": "nan", "bridge": "nan", "ford": "yes", "highway": "nan" }, "geometry": { "type": "Point", "coordinates": [ -0.4507673, 39.3722681 ] } },
{ "type": "Feature", "properties": { "element": "node", "id": 12188882936, "name": "nan", "bridge": "nan", "ford": "yes", "highway": "nan" }, "geometry": { "type": "Point", "coordinates": [ -0.458813, 39.359329 ] } },
{ "type": "Feature", "properties": { "element": "node", "id": 12214446215, "name": "nan", "bridge": "nan", "ford": "yes", "highway": "nan" }, "geometry": { "type": "Point", "coordinates": [ -0.4903452, 39.3854678 ] } },
{ "type": "Feature", "properties": { "element": "node", "id": 12214446216, "name": "nan", "bridge": "nan", "ford": "yes", "highway": "nan" }, "geometry": { "type": "Point", "coordinates": [ -0.4961536, 39.3839367 ] } },
{ "type": "Feature", "properties": { "element": "node", "id": 12312103054, "name": "nan", "bridge": "nan", "ford": "yes", "highway": "nan" }, "geometry": { "type": "Point", "coordinates": [ -0.4952022, 39.4354864 ] } },
{ "type": "Feature", "properties": { "element": "node", "id": 12316356411, "name": "nan", "bridge": "nan", "ford": "yes", "highway": "nan" }, "geometry": { "type": "Point", "coordinates": [ -0.4811243, 39.4360436 ] } },
{ "type": "Feature", "properties": { "element": "node", "id": 12316356427, "name": "nan", "bridge": "nan", "ford": "yes", "highway": "nan" }, "geometry": { "type": "Point", "coordinates": [ -0.4720945, 39.4386022 ] } },
{ "type": "Feature", "properties": { "element": "node", "id": 12336590807, "name": "nan", "bridge": "nan", "ford": "yes", "highway": "nan" }, "geometry": { "type": "Point", "coordinates": [ -0.4311183, 39.4457538 ] } },
{ "type": "Feature", "properties": { "element": "node", "id": 12360105462, "name": "nan", "bridge": "nan", "ford": "yes", "highway": "nan" }, "geometry": { "type": "Point", "coordinates": [ -0.4634126, 39.4144339 ] } },
{ "type": "Feature", "properties": { "element": "node", "id": 12365545755, "name": "nan", "bridge": "nan", "ford": "yes", "highway": "nan" }, "geometry": { "type": "Point", "coordinates": [ -0.3921733, 39.4031965 ] } },
{ "type": "Feature", "properties": { "element": "node", "id": 13261200673, "name": "nan", "bridge": "nan", "ford": "yes", "highway": "nan" }, "geometry": { "type": "Point", "coordinates": [ -0.4876589, 39.4760852 ] } },
{ "type": "Feature", "properties": { "element": "node", "id": 13261200674, "name": "nan", "bridge": "nan", "ford": "yes", "highway": "nan" }, "geometry": { "type": "Point", "coordinates": [ -0.489129, 39.4764506 ] } },
{ "type": "Feature", "properties": { "element": "node", "id": 13261235828, "name": "nan", "bridge": "nan", "ford": "yes", "highway": "nan" }, "geometry": { "type": "Point", "coordinates": [ -0.4926486, 39.4764492 ] } },
{ "type": "Feature", "properties": { "element": "node", "id": 13261235829, "name": "nan", "bridge": "nan", "ford": "yes", "highway": "nan" }, "geometry": { "type": "Point", "coordinates": [ -0.4980346, 39.4764638 ] } },
{ "type": "Feature", "properties": { "element": "node", "id": 13948500962, "name": "nan", "bridge": "nan", "ford": "yes", "highway": "nan" }, "geometry": { "type": "Point", "coordinates": [ -0.4027696, 39.396573 ] } },
{ "type": "Feature", "properties": { "element": "node", "id": 13948500963, "name": "nan", "bridge": "nan", "ford": "yes", "highway": "nan" }, "geometry": { "type": "Point", "coordinates": [ -0.4034947, 39.397253 ] } },
{ "type": "Feature", "properties": { "element": "node", "id": 13948500964, "name": "nan", "bridge": "nan", "ford": "yes", "highway": "nan" }, "geometry": { "type": "Point", "coordinates": [ -0.4037503, 39.3975111 ] } },
{ "type": "Feature", "properties": { "element": "node", "id": 13948500965, "name": "nan", "bridge": "nan", "ford": "yes", "highway": "nan" }, "geometry": { "type": "Point", "coordinates": [ -0.403962, 39.3977413 ] } },
{ "type": "Feature", "properties": { "element": "node", "id": 13948500966, "name": "nan", "bridge": "nan", "ford": "yes", "highway": "nan" }, "geometry": { "type": "Point", "coordinates": [ -0.4040046, 39.397793 ] } },
{ "type": "Feature", "properties": { "element": "node", "id": 13953896573, "name": "nan", "bridge": "nan", "ford": "yes", "highway": "nan" }, "geometry": { "type": "Point", "coordinates": [ -0.404092, 39.3978984 ] } },
{ "type": "Feature", "properties": { "element": "node", "id": 13987683296, "name": "nan", "bridge": "nan", "ford": "yes", "highway": "nan" }, "geometry": { "type": "Point", "coordinates": [ -0.4460734, 39.4593724 ] } },
{ "type": "Feature", "properties": { "element": "node", "id": 13987732650, "name": "nan", "bridge": "nan", "ford": "yes", "highway": "nan" }, "geometry": { "type": "Point", "coordinates": [ -0.4219241, 39.4523438 ] } },
{ "type": "Feature", "properties": { "element": "node", "id": 13987732651, "name": "nan", "bridge": "nan", "ford": "yes", "highway": "nan" }, "geometry": { "type": "Point", "coordinates": [ -0.4261343, 39.4530817 ] } },
{ "type": "Feature", "properties": { "element": "node", "id": 13987732652, "name": "nan", "bridge": "nan", "ford": "yes", "highway": "nan" }, "geometry": { "type": "Point", "coordinates": [ -0.4291963, 39.4539868 ] } },
{ "type": "Feature", "properties": { "element": "node", "id": 13987732653, "name": "nan", "bridge": "nan", "ford": "yes", "highway": "nan" }, "geometry": { "type": "Point", "coordinates": [ -0.429245, 39.4539668 ] } },
{ "type": "Feature", "properties": { "element": "node", "id": 14003011411, "name": "nan", "bridge": "nan", "ford": "yes", "highway": "nan" }, "geometry": { "type": "Point", "coordinates": [ -0.434113, 39.4527513 ] } },
{ "type": "Feature", "properties": { "element": "node", "id": 14003011412, "name": "nan", "bridge": "nan", "ford": "yes", "highway": "nan" }, "geometry": { "type": "Point", "coordinates": [ -0.4350973, 39.4527584 ] } },
{ "type": "Feature", "properties": { "element": "node", "id": 14003011413, "name": "nan", "bridge": "nan", "ford": "yes", "highway": "nan" }, "geometry": { "type": "Point", "coordinates": [ -0.4388483, 39.4534025 ] } },
{ "type": "Feature", "properties": { "element": "node", "id": 14003011414, "name": "nan", "bridge": "nan", "ford": "yes", "highway": "nan" }, "geometry": { "type": "Point", "coordinates": [ -0.4409915, 39.4552112 ] } },
{ "type": "Feature", "properties": { "element": "node", "id": 14003011415, "name": "nan", "bridge": "nan", "ford": "yes", "highway": "nan" }, "geometry": { "type": "Point", "coordinates": [ -0.4416426, 39.4561147 ] } },
{ "type": "Feature", "properties": { "element": "node", "id": 14003011416, "name": "nan", "bridge": "nan", "ford": "yes", "highway": "nan" }, "geometry": { "type": "Point", "coordinates": [ -0.442492, 39.4570492 ] } },
{ "type": "Feature", "properties": { "element": "node", "id": 14003011417, "name": "nan", "bridge": "nan", "ford": "yes", "highway": "nan" }, "geometry": { "type": "Point", "coordinates": [ -0.4441552, 39.4584571 ] } },
{ "type": "Feature", "properties": { "element": "node", "id": 14003011418, "name": "nan", "bridge": "nan", "ford": "yes", "highway": "nan" }, "geometry": { "type": "Point", "coordinates": [ -0.4444536, 39.4586584 ] } },
{ "type": "Feature", "properties": { "element": "node", "id": 14003011419, "name": "nan", "bridge": "nan", "ford": "yes", "highway": "nan" }, "geometry": { "type": "Point", "coordinates": [ -0.4445955, 39.4587363 ] } },
{ "type": "Feature", "properties": { "element": "node", "id": 14003011454, "name": "nan", "bridge": "nan", "ford": "yes", "highway": "nan" }, "geometry": { "type": "Point", "coordinates": [ -0.4487279, 39.4599746 ] } },
{ "type": "Feature", "properties": { "element": "node", "id": 14022561536, "name": "nan", "bridge": "nan", "ford": "yes", "highway": "nan" }, "geometry": { "type": "Point", "coordinates": [ -0.4553916, 39.5019804 ] } },
{ "type": "Feature", "properties": { "element": "node", "id": 14022561538, "name": "nan", "bridge": "nan", "ford": "yes", "highway": "nan" }, "geometry": { "type": "Point", "coordinates": [ -0.4556584, 39.5050763 ] } },
{ "type": "Feature", "properties": { "element": "node", "id": 14022561539, "name": "nan", "bridge": "nan", "ford": "yes", "highway": "nan" }, "geometry": { "type": "Point", "coordinates": [ -0.455703, 39.5052252 ] } },
{ "type": "Feature", "properties": { "element": "node", "id": 14135439362, "name": "nan", "bridge": "nan", "ford": "yes", "highway": "nan" }, "geometry": { "type": "Point", "coordinates": [ -0.4489783, 39.4554492 ] } },
{ "type": "Feature", "properties": { "element": "way", "id": 9281420, "name": "Pont del Real", "bridge": "yes", "ford": "nan", "highway": "primary" }, "geometry": { "type": "LineString", "coordinates": [ [ -0.3682565, 39.4769879 ], [ -0.3694226, 39.4758808 ], [ -0.3694584, 39.4758433 ], [ -0.3694739, 39.4758321 ] ] } },
{ "type": "Feature", "properties": { "element": "way", "id": 9281477, "name": "Pont d'Aragó", "bridge": "yes", "ford": "nan", "highway": "primary" }, "geometry": { "type": "LineString", "coordinates": [ [ -0.3619006, 39.468939 ], [ -0.3638245, 39.468854 ], [ -0.3638544, 39.4688527 ] ] } },
{ "type": "Feature", "properties": { "element": "way", "id": 9560320, "name": "Pont del Nou d'Octubre", "bridge": "yes", "ford": "nan", "highway": "primary" }, "geometry": { "type": "LineString", "coordinates": [ [ -0.4060841, 39.4744435 ], [ -0.4058137, 39.4731705 ] ] } },
{ "type": "Feature", "properties": { "element": "way", "id": 9560330, "name": "Pont del Nou d'Octubre", "bridge": "yes", "ford": "nan", "highway": "primary" }, "geometry": { "type": "LineString", "coordinates": [ [ -0.4054712, 39.4732116 ], [ -0.4057422, 39.4744877 ] ] } },
{ "type": "Feature", "properties": { "element": "way", "id": 10046772, "name": "Pont de Campanar", "bridge": "yes", "ford": "nan", "highway": "primary" }, "geometry": { "type": "LineString", "coordinates": [ [ -0.395886, 39.4752025 ], [ -0.3967238, 39.4763783 ] ] } },
{ "type": "Feature", "properties": { "element": "way", "id": 10046815, "name": "Pont de Campanar", "bridge": "yes", "ford": "nan", "highway": "primary" }, "geometry": { "type": "LineString", "coordinates": [ [ -0.3968227, 39.4763346 ], [ -0.3959958, 39.4751753 ], [ -0.3959812, 39.4751589 ] ] } },
{ "type": "Feature", "properties": { "element": "way", "id": 10380406, "name": "Pont de l'Àngel Custodi", "bridge": "yes", "ford": "nan", "highway": "primary" }, "geometry": { "type": "LineString", "coordinates": [ [ -0.3591937, 39.4635967 ], [ -0.3605893, 39.4632712 ] ] } },
{ "type": "Feature", "properties": { "element": "way", "id": 10503661, "name": "Pont de l'Exposició", "bridge": "yes", "ford": "nan", "highway": "pedestrian" }, "geometry": { "type": "LineString", "coordinates": [ [ -0.3653009, 39.4735703 ], [ -0.3653211, 39.4735607 ], [ -0.3653445, 39.4735493 ], [ -0.3668626, 39.4728013 ] ] } },
{ "type": "Feature", "properties": { "element": "way", "id": 10795251, "name": "Avinguda de Giorgeta", "bridge": "yes", "ford": "nan", "highway": "primary" }, "geometry": { "type": "LineString", "coordinates": [ [ -0.3806687, 39.4553446 ], [ -0.3808165, 39.4553668 ], [ -0.3809749, 39.4553985 ], [ -0.381139, 39.455445 ], [ -0.3812798, 39.4554916 ], [ -0.3814246, 39.4555469 ], [ -0.3815668, 39.4556179 ], [ -0.3816833, 39.4556803 ], [ -0.3818113, 39.4557583 ], [ -0.3819258, 39.4558476 ], [ -0.3820675, 39.4559652 ] ] } },
{ "type": "Feature", "properties": { "element": "way", "id": 11694865, "name": "nan", "bridge": "yes", "ford": "nan", "highway": "tertiary" }, "geometry": { "type": "LineString", "coordinates": [ [ -0.4308405, 39.4724339 ], [ -0.4309929, 39.4722005 ], [ -0.4312142, 39.4718962 ], [ -0.4313856, 39.4716724 ] ] } },
{ "type": "Feature", "properties": { "element": "way", "id": 11824069, "name": "nan", "bridge": "yes", "ford": "nan", "highway": "tertiary" }, "geometry": { "type": "LineString", "coordinates": [ [ -0.4000669, 39.4991907 ], [ -0.3999529, 39.4996979 ] ] } },
{ "type": "Feature", "properties": { "element": "way", "id": 11825107, "name": "Carrer del Doctor Nicasi Benlloch", "bridge": "yes", "ford": "nan", "highway": "residential" }, "geometry": { "type": "LineString", "coordinates": [ [ -0.4020491, 39.4984825 ], [ -0.4024079, 39.4988806 ] ] } },
{ "type": "Feature", "properties": { "element": "way", "id": 12254820, "name": "Pista de Silla", "bridge": "yes", "ford": "nan", "highway": "trunk" }, "geometry": { "type": "LineString", "coordinates": [ [ -0.3703908, 39.4342513 ], [ -0.3703482, 39.434393 ] ] } },
{ "type": "Feature", "properties": { "element": "way", "id": 12265289, "name": "Avinguda del Sud", "bridge": "yes", "ford": "nan", "highway": "secondary" }, "geometry": { "type": "LineString", "coordinates": [ [ -0.3958194, 39.4395705 ], [ -0.3966917, 39.4382806 ] ] } },
{ "type": "Feature", "properties": { "element": "way", "id": 12265298, "name": "Avinguda del Sud", "bridge": "yes", "ford": "nan", "highway": "secondary" }, "geometry": { "type": "LineString", "coordinates": [ [ -0.3952083, 39.4401851 ], [ -0.3951367, 39.4403189 ] ] } },
{ "type": "Feature", "properties": { "element": "way", "id": 12345668, "name": "Autovia de Torrent", "bridge": "yes", "ford": "nan", "highway": "trunk" }, "geometry": { "type": "LineString", "coordinates": [ [ -0.4109482, 39.4512444 ], [ -0.4085789, 39.4530072 ] ] } },
{ "type": "Feature", "properties": { "element": "way", "id": 12345673, "name": "Autovia de Torrent", "bridge": "yes", "ford": "nan", "highway": "trunk" }, "geometry": { "type": "LineString", "coordinates": [ [ -0.4086436, 39.4530984 ], [ -0.4110148, 39.4513368 ] ] } },
{ "type": "Feature", "properties": { "element": "way", "id": 12345955, "name": "Carretera València - Sueca (pel Saler)", "bridge": "yes", "ford": "nan", "highway": "trunk" }, "geometry": { "type": "LineString", "coordinates": [ [ -0.3414885, 39.429475 ], [ -0.3416317, 39.4288647 ], [ -0.3419501, 39.4274402 ], [ -0.3421991, 39.4262409 ] ] } },
{ "type": "Feature", "properties": { "element": "way", "id": 12345960, "name": "nan", "bridge": "yes", "ford": "nan", "highway": "cycleway" }, "geometry": { "type": "LineString", "coordinates": [ [ -0.3403009, 39.426178 ], [ -0.3391532, 39.4281166 ], [ -0.3390794, 39.428342 ], [ -0.3390631, 39.4285493 ] ] } },
{ "type": "Feature", "properties": { "element": "way", "id": 12374523, "name": "nan", "bridge": "yes", "ford": "nan", "highway": "trunk_link" }, "geometry": { "type": "LineString", "coordinates": [ [ -0.3952083, 39.4401851 ], [ -0.395084, 39.440298 ] ] } },
{ "type": "Feature", "properties": { "element": "way", "id": 12375778, "name": "nan", "bridge": "yes", "ford": "nan", "highway": "trunk_link" }, "geometry": { "type": "LineString", "coordinates": [ [ -0.3966917, 39.4382806 ], [ -0.3968034, 39.4381765 ] ] } },
{ "type": "Feature", "properties": { "element": "way", "id": 12658084, "name": "nan", "bridge": "yes", "ford": "nan", "highway": "primary" }, "geometry": { "type": "LineString", "coordinates": [ [ -0.4104709, 39.4959064 ], [ -0.4106053, 39.4964353 ] ] } },
{ "type": "Feature", "properties": { "element": "way", "id": 12658091, "name": "nan", "bridge": "yes", "ford": "nan", "highway": "primary" }, "geometry": { "type": "LineString", "coordinates": [ [ -0.4107253, 39.4964155 ], [ -0.4105987, 39.495886 ] ] } },
{ "type": "Feature", "properties": { "element": "way", "id": 12771708, "name": "nan", "bridge": "yes", "ford": "nan", "highway": "motorway" }, "geometry": { "type": "LineString", "coordinates": [ [ -0.3291683, 39.4949885 ], [ -0.3303435, 39.4943589 ] ] } },
{ "type": "Feature", "properties": { "element": "way", "id": 12771709, "name": "nan", "bridge": "yes", "ford": "nan", "highway": "motorway" }, "geometry": { "type": "LineString", "coordinates": [ [ -0.3303366, 39.4941842 ], [ -0.3290506, 39.4948605 ] ] } },
{ "type": "Feature", "properties": { "element": "way", "id": 12874108, "name": "nan", "bridge": "yes", "ford": "nan", "highway": "service" }, "geometry": { "type": "LineString", "coordinates": [ [ -0.3362122, 39.4274872 ], [ -0.3362453, 39.427437 ], [ -0.3362759, 39.4274045 ], [ -0.3363186, 39.4273734 ], [ -0.336375, 39.4273452 ], [ -0.3364637, 39.4273137 ], [ -0.3365328, 39.4272964 ] ] } },
{ "type": "Feature", "properties": { "element": "way", "id": 12874111, "name": "nan", "bridge": "yes", "ford": "nan", "highway": "motorway_link" }, "geometry": { "type": "LineString", "coordinates": [ [ -0.3407809, 39.4258667 ], [ -0.3405724, 39.4257895 ] ] } },
{ "type": "Feature", "properties": { "element": "way", "id": 12874116, "name": "nan", "bridge": "yes", "ford": "nan", "highway": "motorway_link" }, "geometry": { "type": "LineString", "coordinates": [ [ -0.3357557, 39.4276796 ], [ -0.3358276, 39.4275734 ] ] } },
{ "type": "Feature", "properties": { "element": "way", "id": 13789418, "name": "nan", "bridge": "yes", "ford": "nan", "highway": "trunk" }, "geometry": { "type": "LineString", "coordinates": [ [ -0.3404459, 39.4441085 ], [ -0.3414363, 39.4449209 ] ] } },
{ "type": "Feature", "properties": { "element": "way", "id": 14119661, "name": "nan", "bridge": "yes", "ford": "nan", "highway": "primary_link" }, "geometry": { "type": "LineString", "coordinates": [ [ -0.3346713, 39.3900488 ], [ -0.3343693, 39.3899364 ], [ -0.3339333, 39.3897957 ] ] } },
{ "type": "Feature", "properties": { "element": "way", "id": 14269356, "name": "nan", "bridge": "yes", "ford": "nan", "highway": "nan" }, "geometry": { "type": "LineString", "coordinates": [ [ -0.4019022, 39.499087 ], [ -0.4018218, 39.4990123 ], [ -0.4017563, 39.4989604 ], [ -0.401483, 39.4987413 ], [ -0.4013869, 39.4986533 ] ] } },
{ "type": "Feature", "properties": { "element": "way", "id": 14269362, "name": "nan", "bridge": "yes", "ford": "nan", "highway": "nan" }, "geometry": { "type": "LineString", "coordinates": [ [ -0.4012281, 39.4986258 ], [ -0.4016119, 39.4990005 ], [ -0.4017402, 39.4991312 ] ] } },
{ "type": "Feature", "properties": { "element": "way", "id": 14309848, "name": "Pont de Montolivet", "bridge": "yes", "ford": "nan", "highway": "primary" }, "geometry": { "type": "LineString", "coordinates": [ [ -0.3553066, 39.4567661 ], [ -0.3549603, 39.4570301 ], [ -0.3546924, 39.4572863 ], [ -0.3544437, 39.4575961 ], [ -0.3542632, 39.4578763 ], [ -0.3540667, 39.4583441 ], [ -0.3535773, 39.4595421 ] ] } },
{ "type": "Feature", "properties": { "element": "way", "id": 14351081, "name": "Pont dels Serrans", "bridge": "yes", "ford": "nan", "highway": "pedestrian" }, "geometry": { "type": "LineString", "coordinates": [ [ -0.3750525, 39.4813243 ], [ -0.3756668, 39.4799688 ] ] } },
{ "type": "Feature", "properties": { "element": "way", "id": 14351084, "name": "Pont de la Trinitat", "bridge": "yes", "ford": "nan", "highway": "secondary" }, "geometry": { "type": "LineString", "coordinates": [ [ -0.3731825, 39.4784085 ], [ -0.3731719, 39.4784215 ], [ -0.3722166, 39.479607 ] ] } },
{ "type": "Feature", "properties": { "element": "way", "id": 14351087, "name": "Pont de Fusta", "bridge": "yes", "ford": "nan", "highway": "footway" }, "geometry": { "type": "LineString", "coordinates": [ [ -0.3747279, 39.4793069 ], [ -0.3746585, 39.4793917 ], [ -0.3745552, 39.4795189 ], [ -0.3737701, 39.4804859 ] ] } },
{ "type": "Feature", "properties": { "element": "way", "id": 14362238, "name": "Pont de Montolivet", "bridge": "yes", "ford": "nan", "highway": "primary" }, "geometry": { "type": "LineString", "coordinates": [ [ -0.353811, 39.4596015 ], [ -0.3544554, 39.458032 ], [ -0.3545895, 39.4578006 ], [ -0.3547917, 39.4575322 ], [ -0.3550851, 39.4572324 ], [ -0.3554983, 39.456901 ] ] } },
{ "type": "Feature", "properties": { "element": "way", "id": 15227419, "name": "Aranjuez - València Sant Isidre", "bridge": "yes", "ford": "nan", "highway": "nan" }, "geometry": { "type": "LineString", "coordinates": [ [ -0.4173376, 39.4599149 ], [ -0.4134151, 39.4591315 ], [ -0.4129925, 39.4590405 ] ] } },
{ "type": "Feature", "properties": { "element": "way", "id": 15230049, "name": "Carrer de l'Església", "bridge": "yes", "ford": "nan", "highway": "tertiary" }, "geometry": { "type": "LineString", "coordinates": [ [ -0.462819, 39.4613138 ], [ -0.4627807, 39.4616242 ] ] } },
{ "type": "Feature", "properties": { "element": "way", "id": 15570965, "name": "nan", "bridge": "yes", "ford": "nan", "highway": "trunk_link" }, "geometry": { "type": "LineString", "coordinates": [ [ -0.4289723, 39.475237 ], [ -0.4288701, 39.4752237 ], [ -0.4287582, 39.4751934 ] ] } },
{ "type": "Feature", "properties": { "element": "way", "id": 15573824, "name": "nan", "bridge": "yes", "ford": "nan", "highway": "tertiary" }, "geometry": { "type": "LineString", "coordinates": [ [ -0.4519634, 39.4804636 ], [ -0.4517736, 39.4796496 ], [ -0.4517549, 39.4795706 ] ] } },
{ "type": "Feature", "properties": { "element": "way", "id": 18592805, "name": "Pont de Sant Josep", "bridge": "yes", "ford": "nan", "highway": "pedestrian" }, "geometry": { "type": "LineString", "coordinates": [ [ -0.3802476, 39.4815101 ], [ -0.3802501, 39.4815313 ], [ -0.3804021, 39.4828357 ] ] } },
{ "type": "Feature", "properties": { "element": "way", "id": 18596101, "name": "Pont de les Arts", "bridge": "yes", "ford": "nan", "highway": "secondary" }, "geometry": { "type": "LineString", "coordinates": [ [ -0.3828738, 39.4805961 ], [ -0.3836814, 39.4817441 ] ] } },
{ "type": "Feature", "properties": { "element": "way", "id": 18752870, "name": "Pont de les Arts", "bridge": "yes", "ford": "nan", "highway": "secondary" }, "geometry": { "type": "LineString", "coordinates": [ [ -0.3840115, 39.4815867 ], [ -0.3831924, 39.4804259 ] ] } },
{ "type": "Feature", "properties": { "element": "way", "id": 18973121, "name": "Pont de les Glòries Valencianes", "bridge": "yes", "ford": "nan", "highway": "primary" }, "geometry": { "type": "LineString", "coordinates": [ [ -0.391122, 39.4787051 ], [ -0.3902737, 39.4775187 ] ] } },
{ "type": "Feature", "properties": { "element": "way", "id": 18973126, "name": "Pont de les Glòries Valencianes", "bridge": "yes", "ford": "nan", "highway": "primary" }, "geometry": { "type": "LineString", "coordinates": [ [ -0.3900964, 39.4775686 ], [ -0.3909465, 39.4787558 ] ] } },
{ "type": "Feature", "properties": { "element": "way", "id": 19929394, "name": "nan", "bridge": "yes", "ford": "nan", "highway": "footway" }, "geometry": { "type": "LineString", "coordinates": [ [ -0.3899206, 39.4790654 ], [ -0.389913, 39.4790502 ], [ -0.3892905, 39.4778071 ] ] } },
{ "type": "Feature", "properties": { "element": "way", "id": 20475811, "name": "nan", "bridge": "yes", "ford": "nan", "highway": "trunk" }, "geometry": { "type": "LineString", "coordinates": [ [ -0.460881, 39.506389 ], [ -0.4613981, 39.5060143 ] ] } },
{ "type": "Feature", "properties": { "element": "way", "id": 20609073, "name": "Pont de les Flors Alcaldessa Rita Barberá", "bridge": "yes", "ford": "nan", "highway": "primary" }, "geometry": { "type": "LineString", "coordinates": [ [ -0.3650816, 39.4707361 ], [ -0.3635674, 39.4714202 ] ] } },
{ "type": "Feature", "properties": { "element": "way", "id": 20609117, "name": "Pont de la Mar", "bridge": "yes", "ford": "nan", "highway": "pedestrian" }, "geometry": { "type": "LineString", "coordinates": [ [ -0.3627273, 39.4703172 ], [ -0.3646195, 39.470212 ] ] } },
{ "type": "Feature", "properties": { "element": "way", "id": 23039224, "name": "nan", "bridge": "yes", "ford": "nan", "highway": "motorway_link" }, "geometry": { "type": "LineString", "coordinates": [ [ -0.4567431, 39.4819438 ], [ -0.4573431, 39.4821684 ] ] } },
{ "type": "Feature", "properties": { "element": "way", "id": 23365006, "name": "nan", "bridge": "yes", "ford": "nan", "highway": "trunk_link" }, "geometry": { "type": "LineString", "coordinates": [ [ -0.3700834, 39.4363724 ], [ -0.3700074, 39.4365322 ], [ -0.3699659, 39.4369041 ] ] } },
{ "type": "Feature", "properties": { "element": "way", "id": 23377120, "name": "Carretera de Torrent a Picanya", "bridge": "yes", "ford": "nan", "highway": "tertiary" }, "geometry": { "type": "LineString", "coordinates": [ [ -0.4445019, 39.4363687 ], [ -0.4451334, 39.4365157 ] ] } },
{ "type": "Feature", "properties": { "element": "way", "id": 23377156, "name": "Pont de la Ronda Est", "bridge": "yes", "ford": "nan", "highway": "tertiary" }, "geometry": { "type": "LineString", "coordinates": [ [ -0.4271561, 39.4357976 ], [ -0.4270976, 39.4358636 ], [ -0.4270379, 39.4359161 ] ] } },
{ "type": "Feature", "properties": { "element": "way", "id": 23377196, "name": "nan", "bridge": "yes", "ford": "nan", "highway": "tertiary" }, "geometry": { "type": "LineString", "coordinates": [ [ -0.4143151, 39.4276089 ], [ -0.4143173, 39.427607 ], [ -0.4143381, 39.4275666 ], [ -0.41436, 39.4275241 ], [ -0.4145637, 39.4271283 ] ] } },
{ "type": "Feature", "properties": { "element": "way", "id": 23509494, "name": "nan", "bridge": "yes", "ford": "nan", "highway": "unclassified" }, "geometry": { "type": "LineString", "coordinates": [ [ -0.3342741, 39.4358925 ], [ -0.3342463, 39.4363862 ], [ -0.3342327, 39.436873 ], [ -0.3342144, 39.437218 ], [ -0.3342004, 39.437376 ], [ -0.3341741, 39.4375507 ], [ -0.3341401, 39.4377431 ], [ -0.3341103, 39.4378743 ], [ -0.334073, 39.4380202 ], [ -0.334017, 39.4382202 ], [ -0.3339096, 39.4385101 ], [ -0.3338272, 39.4387024 ], [ -0.3337349, 39.4388968 ], [ -0.3336347, 39.4390823 ] ] } },
{ "type": "Feature", "properties": { "element": "way", "id": 23576235, "name": "Carrera de Malilla", "bridge": "yes", "ford": "nan", "highway": "tertiary" }, "geometry": { "type": "LineString", "coordinates": [ [ -0.3801307, 39.4427783 ], [ -0.3802449, 39.4423952 ], [ -0.3805594, 39.4414606 ] ] } },
{ "type": "Feature", "properties": { "element": "way", "id": 23614114, "name": "300 - Madrid Chamartín - València Estació del Nord", "bridge": "yes", "ford": "nan", "highway": "nan" }, "geometry": { "type": "LineString", "coordinates": [ [ -0.3865816, 39.4382319 ], [ -0.3872473, 39.4361288 ] ] } },
{ "type": "Feature", "properties": { "element": "way", "id": 23614116, "name": "Pont de Josep Soto Micó", "bridge": "yes", "ford": "nan", "highway": "tertiary" }, "geometry": { "type": "LineString", "coordinates": [ [ -0.3894053, 39.4386971 ], [ -0.3903335, 39.4363232 ] ] } },
{ "type": "Feature", "properties": { "element": "way", "id": 23628901, "name": "Accés oest a Quart de Poblet i est a Mislata", "bridge": "yes", "ford": "nan", "highway": "secondary" }, "geometry": { "type": "LineString", "coordinates": [ [ -0.430477, 39.4821174 ], [ -0.4322822, 39.4813208 ] ] } },
{ "type": "Feature", "properties": { "element": "way", "id": 23697612, "name": "nan", "bridge": "yes", "ford": "nan", "highway": "footway" }, "geometry": { "type": "LineString", "coordinates": [ [ -0.4176871, 39.4695923 ], [ -0.4176136, 39.4689613 ] ] } },
{ "type": "Feature", "properties": { "element": "way", "id": 23738744, "name": "Camí Vell de Paterna", "bridge": "yes", "ford": "nan", "highway": "unclassified" }, "geometry": { "type": "LineString", "coordinates": [ [ -0.419047, 39.495693 ], [ -0.418956, 39.4964799 ] ] } },
{ "type": "Feature", "properties": { "element": "way", "id": 23738892, "name": "nan", "bridge": "yes", "ford": "nan", "highway": "unclassified" }, "geometry": { "type": "LineString", "coordinates": [ [ -0.4287069, 39.4921239 ], [ -0.4289983, 39.4923976 ] ] } },
{ "type": "Feature", "properties": { "element": "way", "id": 24270798, "name": "nan", "bridge": "yes", "ford": "nan", "highway": "tertiary" }, "geometry": { "type": "LineString", "coordinates": [ [ -0.4033021, 39.5040028 ], [ -0.4031535, 39.5039817 ], [ -0.4029985, 39.5039559 ], [ -0.4028012, 39.5039186 ], [ -0.4026084, 39.5038763 ], [ -0.4023594, 39.5038105 ], [ -0.4021785, 39.5037634 ] ] } },
{ "type": "Feature", "properties": { "element": "way", "id": 24272149, "name": "Avinguda de les Jacarandes", "bridge": "yes", "ford": "nan", "highway": "tertiary" }, "geometry": { "type": "LineString", "coordinates": [ [ -0.4059482, 39.5032498 ], [ -0.4060276, 39.5031709 ], [ -0.4060956, 39.5030866 ], [ -0.4061534, 39.5030049 ], [ -0.4061931, 39.5029399 ], [ -0.4072355, 39.5012532 ] ] } },
{ "type": "Feature", "properties": { "element": "way", "id": 24548277, "name": "Carrera del Riu", "bridge": "yes", "ford": "nan", "highway": "tertiary" }, "geometry": { "type": "LineString", "coordinates": [ [ -0.3392077, 39.428594 ], [ -0.3392177, 39.4284582 ], [ -0.339257, 39.4282952 ], [ -0.3393393, 39.4281003 ], [ -0.3404458, 39.4262295 ] ] } },
{ "type": "Feature", "properties": { "element": "way", "id": 27260924, "name": "Pont de l'Exposició", "bridge": "yes", "ford": "nan", "highway": "pedestrian" }, "geometry": { "type": "LineString", "coordinates": [ [ -0.3667413, 39.4726495 ], [ -0.3652019, 39.4733942 ], [ -0.3651809, 39.4734044 ], [ -0.3651701, 39.4734096 ] ] } },
{ "type": "Feature", "properties": { "element": "way", "id": 28589908, "name": "nan", "bridge": "yes", "ford": "nan", "highway": "primary" }, "geometry": { "type": "LineString", "coordinates": [ [ -0.4244563, 39.5085001 ], [ -0.424579, 39.5086046 ] ] } },
{ "type": "Feature", "properties": { "element": "way", "id": 28882291, "name": "nan", "bridge": "yes", "ford": "nan", "highway": "trunk_link" }, "geometry": { "type": "LineString", "coordinates": [ [ -0.4258496, 39.4943242 ], [ -0.4254441, 39.4939253 ], [ -0.4253656, 39.4937047 ], [ -0.4254161, 39.4934948 ] ] } },
{ "type": "Feature", "properties": { "element": "way", "id": 28882634, "name": "nan", "bridge": "yes", "ford": "nan", "highway": "trunk_link" }, "geometry": { "type": "LineString", "coordinates": [ [ -0.4253183, 39.4934844 ], [ -0.4252861, 39.4937202 ], [ -0.4253676, 39.4939506 ], [ -0.4258016, 39.4943749 ] ] } },
{ "type": "Feature", "properties": { "element": "way", "id": 28894603, "name": "nan", "bridge": "yes", "ford": "nan", "highway": "construction" }, "geometry": { "type": "LineString", "coordinates": [ [ -0.4704952, 39.491533 ], [ -0.4703896, 39.4915375 ], [ -0.4702406, 39.4915716 ], [ -0.4700375, 39.4916624 ], [ -0.469888, 39.4917739 ], [ -0.4697798, 39.4919183 ], [ -0.4697238, 39.4920784 ], [ -0.4697131, 39.4922416 ] ] } },
{ "type": "Feature", "properties": { "element": "way", "id": 28894606, "name": "nan", "bridge": "yes", "ford": "nan", "highway": "tertiary" }, "geometry": { "type": "LineString", "coordinates": [ [ -0.4729863, 39.4916332 ], [ -0.4728616, 39.4916239 ], [ -0.4726929, 39.4916188 ], [ -0.4714178, 39.4915922 ] ] } },
{ "type": "Feature", "properties": { "element": "way", "id": 28894607, "name": "nan", "bridge": "yes", "ford": "nan", "highway": "tertiary" }, "geometry": { "type": "LineString", "coordinates": [ [ -0.4714178, 39.4915922 ], [ -0.4711078, 39.4916617 ], [ -0.4708932, 39.4917781 ], [ -0.4707343, 39.4919013 ], [ -0.4706415, 39.4920244 ], [ -0.470569, 39.4922136 ], [ -0.4705442, 39.4923749 ] ] } },
{ "type": "Feature", "properties": { "element": "way", "id": 28897907, "name": "nan", "bridge": "yes", "ford": "nan", "highway": "motorway_link" }, "geometry": { "type": "LineString", "coordinates": [ [ -0.4810526, 39.5162783 ], [ -0.4812006, 39.5162874 ], [ -0.4814797, 39.5162899 ], [ -0.4816961, 39.5162835 ], [ -0.4820053, 39.5162598 ], [ -0.4822867, 39.5162189 ] ] } },
{ "type": "Feature", "properties": { "element": "way", "id": 28897971, "name": "Circumval·lació de València", "bridge": "yes", "ford": "nan", "highway": "motorway" }, "geometry": { "type": "LineString", "coordinates": [ [ -0.4797581, 39.5177469 ], [ -0.4798003, 39.51757 ], [ -0.479836, 39.517365 ], [ -0.4798571, 39.517107 ], [ -0.4798618, 39.51689 ] ] } },
{ "type": "Feature", "properties": { "element": "way", "id": 28897982, "name": "Circumval·lació de València", "bridge": "yes", "ford": "nan", "highway": "motorway" }, "geometry": { "type": "LineString", "coordinates": [ [ -0.4797562, 39.5161328 ], [ -0.4797138, 39.5159888 ], [ -0.479626, 39.5157415 ] ] } },
{ "type": "Feature", "properties": { "element": "way", "id": 29229174, "name": "Camí Nou de Paterna", "bridge": "yes", "ford": "nan", "highway": "tertiary" }, "geometry": { "type": "LineString", "coordinates": [ [ -0.4290432, 39.4980286 ], [ -0.4294327, 39.4980404 ] ] } },
{ "type": "Feature", "properties": { "element": "way", "id": 29229179, "name": "Camí Nou de Paterna", "bridge": "yes", "ford": "nan", "highway": "tertiary" }, "geometry": { "type": "LineString", "coordinates": [ [ -0.4295291, 39.49798 ], [ -0.4290021, 39.4979628 ] ] } },
{ "type": "Feature", "properties": { "element": "way", "id": 29229367, "name": "Circumval·lació de València", "bridge": "yes", "ford": "nan", "highway": "motorway" }, "geometry": { "type": "LineString", "coordinates": [ [ -0.4506361, 39.4947015 ], [ -0.4502841, 39.4942708 ] ] } },
{ "type": "Feature", "properties": { "element": "way", "id": 29229369, "name": "Circumval·lació de València", "bridge": "yes", "ford": "nan", "highway": "motorway" }, "geometry": { "type": "LineString", "coordinates": [ [ -0.4502621, 39.4944548 ], [ -0.4503491, 39.494567 ], [ -0.450554, 39.494831 ] ] } },
{ "type": "Feature", "properties": { "element": "way", "id": 29280786, "name": "nan", "bridge": "yes", "ford": "nan", "highway": "trunk" }, "geometry": { "type": "LineString", "coordinates": [ [ -0.4339019, 39.4850075 ], [ -0.4337844, 39.4843218 ], [ -0.4336106, 39.4833997 ], [ -0.4335409, 39.4830466 ], [ -0.433438, 39.4827025 ], [ -0.4333585, 39.482498 ], [ -0.4332328, 39.4822226 ] ] } },
{ "type": "Feature", "properties": { "element": "way", "id": 29280787, "name": "Circumval·lació de València", "bridge": "yes", "ford": "nan", "highway": "motorway" }, "geometry": { "type": "LineString", "coordinates": [ [ -0.4339772, 39.4850517 ], [ -0.4338416, 39.4843208 ], [ -0.4336933, 39.4835045 ], [ -0.4336322, 39.4831938 ], [ -0.4336045, 39.4830371 ], [ -0.4335056, 39.4827048 ], [ -0.4334148, 39.4824694 ], [ -0.4333021, 39.4822199 ] ] } },
{ "type": "Feature", "properties": { "element": "way", "id": 29291184, "name": "nan", "bridge": "yes", "ford": "nan", "highway": "cycleway" }, "geometry": { "type": "LineString", "coordinates": [ [ -0.3638946, 39.4689144 ], [ -0.3619379, 39.4690019 ] ] } },
{ "type": "Feature", "properties": { "element": "way", "id": 29312987, "name": "Avinguda de les Fires", "bridge": "yes", "ford": "nan", "highway": "secondary" }, "geometry": { "type": "LineString", "coordinates": [ [ -0.4308297, 39.5013667 ], [ -0.4307815, 39.5013964 ], [ -0.4307351, 39.5014198 ], [ -0.4300009, 39.5017086 ] ] } },
{ "type": "Feature", "properties": { "element": "way", "id": 29312989, "name": "Avinguda de les Fires", "bridge": "yes", "ford": "nan", "highway": "secondary" }, "geometry": { "type": "LineString", "coordinates": [ [ -0.4300629, 39.5018973 ], [ -0.4308079, 39.5015967 ], [ -0.4308989, 39.5015636 ] ] } },
{ "type": "Feature", "properties": { "element": "way", "id": 29316345, "name": "nan", "bridge": "yes", "ford": "nan", "highway": "footway" }, "geometry": { "type": "LineString", "coordinates": [ [ -0.4306495, 39.5015649 ], [ -0.4306012, 39.5015755 ], [ -0.430033, 39.5018046 ] ] } },
{ "type": "Feature", "properties": { "element": "way", "id": 29658463, "name": "Carretera València - Torrent (per Alaquàs)", "bridge": "yes", "ford": "nan", "highway": "secondary" }, "geometry": { "type": "LineString", "coordinates": [ [ -0.4475581, 39.4616746 ], [ -0.4475162, 39.4619512 ] ] } },
{ "type": "Feature", "properties": { "element": "way", "id": 30033270, "name": "nan", "bridge": "yes", "ford": "nan", "highway": "motorway" }, "geometry": { "type": "LineString", "coordinates": [ [ -0.3728008, 39.4345583 ], [ -0.372626, 39.4344706 ], [ -0.3724534, 39.4343732 ] ] } },
{ "type": "Feature", "properties": { "element": "way", "id": 30033273, "name": "nan", "bridge": "yes", "ford": "nan", "highway": "motorway" }, "geometry": { "type": "LineString", "coordinates": [ [ -0.3720042, 39.434377 ], [ -0.3734868, 39.4360154 ], [ -0.3736265, 39.4361566 ], [ -0.3738337, 39.4363261 ], [ -0.3740648, 39.4364834 ], [ -0.3743285, 39.4366308 ], [ -0.3746297, 39.4367577 ], [ -0.374907, 39.4368455 ], [ -0.3751445, 39.4369031 ] ] } },
{ "type": "Feature", "properties": { "element": "way", "id": 30033274, "name": "Avinguda del País Valencià", "bridge": "yes", "ford": "nan", "highway": "tertiary" }, "geometry": { "type": "LineString", "coordinates": [ [ -0.3745975, 39.4233309 ], [ -0.3733844, 39.4228336 ] ] } },
{ "type": "Feature", "properties": { "element": "way", "id": 30033276, "name": "Avinguda del País Valencià", "bridge": "yes", "ford": "nan", "highway": "tertiary" }, "geometry": { "type": "LineString", "coordinates": [ [ -0.3733366, 39.4229329 ], [ -0.3745196, 39.4234226 ] ] } },
{ "type": "Feature", "properties": { "element": "way", "id": 30033279, "name": "nan", "bridge": "yes", "ford": "nan", "highway": "tertiary" }, "geometry": { "type": "LineString", "coordinates": [ [ -0.38027, 39.4117142 ], [ -0.379092, 39.4112414 ] ] } },
{ "type": "Feature", "properties": { "element": "way", "id": 30448740, "name": "Avinguda del Mar", "bridge": "yes", "ford": "nan", "highway": "secondary" }, "geometry": { "type": "LineString", "coordinates": [ [ -0.3254788, 39.5087396 ], [ -0.3246866, 39.5085258 ] ] } },
{ "type": "Feature", "properties": { "element": "way", "id": 30719754, "name": "Autovia de Torrent", "bridge": "yes", "ford": "nan", "highway": "motorway" }, "geometry": { "type": "LineString", "coordinates": [ [ -0.4983228, 39.4452434 ], [ -0.4991942, 39.4452515 ] ] } },
{ "type": "Feature", "properties": { "element": "way", "id": 30719757, "name": "Autovia de Torrent", "bridge": "yes", "ford": "nan", "highway": "motorway" }, "geometry": { "type": "LineString", "coordinates": [ [ -0.4991302, 39.4451359 ], [ -0.4982602, 39.4451213 ] ] } },
{ "type": "Feature", "properties": { "element": "way", "id": 30720426, "name": "Carretera de Mislata a Real de Monroy", "bridge": "yes", "ford": "nan", "highway": "tertiary" }, "geometry": { "type": "LineString", "coordinates": [ [ -0.4619453, 39.4430583 ], [ -0.46251, 39.4442769 ] ] } },
{ "type": "Feature", "properties": { "element": "way", "id": 30722204, "name": "nan", "bridge": "yes", "ford": "nan", "highway": "trunk" }, "geometry": { "type": "LineString", "coordinates": [ [ -0.4413847, 39.4388888 ], [ -0.4418654, 39.4394248 ] ] } },
{ "type": "Feature", "properties": { "element": "way", "id": 30722208, "name": "Autovia de Torrent", "bridge": "yes", "ford": "nan", "highway": "trunk" }, "geometry": { "type": "LineString", "coordinates": [ [ -0.4419353, 39.4393888 ], [ -0.4414484, 39.4388511 ] ] } },
{ "type": "Feature", "properties": { "element": "way", "id": 32520448, "name": "Ronda Sud-oest d'Alaquàs i Oest d'Aldaia", "bridge": "yes", "ford": "nan", "highway": "secondary" }, "geometry": { "type": "LineString", "coordinates": [ [ -0.475633, 39.4599601 ], [ -0.4757286, 39.4605021 ], [ -0.4757832, 39.4610209 ] ] } },
{ "type": "Feature", "properties": { "element": "way", "id": 32520451, "name": "Ronda Sud-oest d'Alaquàs i Oest d'Aldaia", "bridge": "yes", "ford": "nan", "highway": "secondary" }, "geometry": { "type": "LineString", "coordinates": [ [ -0.4759702, 39.4610314 ], [ -0.4759191, 39.4604862 ], [ -0.4758047, 39.4599407 ] ] } },
{ "type": "Feature", "properties": { "element": "way", "id": 35071710, "name": "Avinguda del Sud", "bridge": "yes", "ford": "nan", "highway": "secondary" }, "geometry": { "type": "LineString", "coordinates": [ [ -0.3965327, 39.4382198 ], [ -0.3952083, 39.4401851 ] ] } },
{ "type": "Feature", "properties": { "element": "way", "id": 35072927, "name": "nan", "bridge": "yes", "ford": "nan", "highway": "trunk" }, "geometry": { "type": "LineString", "coordinates": [ [ -0.4341431, 39.4873109 ], [ -0.4341591, 39.4870303 ], [ -0.4341486, 39.4867134 ] ] } },
{ "type": "Feature", "properties": { "element": "way", "id": 35072929, "name": "Circumval·lació de València", "bridge": "yes", "ford": "nan", "highway": "motorway" }, "geometry": { "type": "LineString", "coordinates": [ [ -0.4356901, 39.4871429 ], [ -0.4354421, 39.4870431 ] ] } },
{ "type": "Feature", "properties": { "element": "way", "id": 35082133, "name": "nan", "bridge": "yes", "ford": "nan", "highway": "trunk" }, "geometry": { "type": "LineString", "coordinates": [ [ -0.3951292, 39.3871698 ], [ -0.3964145, 39.3874792 ] ] } },
{ "type": "Feature", "properties": { "element": "way", "id": 35082359, "name": "Distribuïdor Sud", "bridge": "yes", "ford": "nan", "highway": "trunk" }, "geometry": { "type": "LineString", "coordinates": [ [ -0.4041491, 39.3892248 ], [ -0.4031527, 39.3889844 ] ] } },
{ "type": "Feature", "properties": { "element": "way", "id": 35082361, "name": "Distribuïdor Sud", "bridge": "yes", "ford": "nan", "highway": "trunk" }, "geometry": { "type": "LineString", "coordinates": [ [ -0.4031076, 39.3890933 ], [ -0.4041041, 39.3893326 ] ] } },
{ "type": "Feature", "properties": { "element": "way", "id": 35083081, "name": "Distribuïdor Sud", "bridge": "yes", "ford": "nan", "highway": "trunk" }, "geometry": { "type": "LineString", "coordinates": [ [ -0.4217812, 39.3964864 ], [ -0.4218364, 39.3966041 ] ] } },
{ "type": "Feature", "properties": { "element": "way", "id": 35083082, "name": "Distribuïdor Sud", "bridge": "yes", "ford": "nan", "highway": "trunk" }, "geometry": { "type": "LineString", "coordinates": [ [ -0.4229447, 39.3993312 ], [ -0.4228936, 39.3991868 ] ] } },
{ "type": "Feature", "properties": { "element": "way", "id": 35083084, "name": "nan", "bridge": "yes", "ford": "nan", "highway": "tertiary" }, "geometry": { "type": "LineString", "coordinates": [ [ -0.4276692, 39.4052338 ], [ -0.4273846, 39.4059885 ] ] } },
{ "type": "Feature", "properties": { "element": "way", "id": 35083087, "name": "Distribuïdor Sud", "bridge": "yes", "ford": "nan", "highway": "trunk_link" }, "geometry": { "type": "LineString", "coordinates": [ [ -0.451997, 39.4259154 ], [ -0.4519501, 39.4257479 ], [ -0.4518879, 39.4255995 ], [ -0.4517753, 39.4253769 ] ] } },
{ "type": "Feature", "properties": { "element": "way", "id": 35083091, "name": "Avinguda del Sud", "bridge": "yes", "ford": "nan", "highway": "secondary" }, "geometry": { "type": "LineString", "coordinates": [ [ -0.4244162, 39.4020199 ], [ -0.4234074, 39.4019416 ] ] } },
{ "type": "Feature", "properties": { "element": "way", "id": 35083093, "name": "nan", "bridge": "yes", "ford": "nan", "highway": "trunk_link" }, "geometry": { "type": "LineString", "coordinates": [ [ -0.4516969, 39.4253895 ], [ -0.4518197, 39.4256222 ], [ -0.4518677, 39.4257738 ], [ -0.4519034, 39.4259253 ] ] } },
{ "type": "Feature", "properties": { "element": "way", "id": 35085274, "name": "Ronda del Nord", "bridge": "yes", "ford": "nan", "highway": "tertiary" }, "geometry": { "type": "LineString", "coordinates": [ [ -0.3858538, 39.4010755 ], [ -0.3870767, 39.4015647 ] ] } },
{ "type": "Feature", "properties": { "element": "way", "id": 35085858, "name": "Pista de Silla", "bridge": "yes", "ford": "nan", "highway": "motorway" }, "geometry": { "type": "LineString", "coordinates": [ [ -0.4066338, 39.3773747 ], [ -0.4067717, 39.37735 ], [ -0.4071528, 39.3772816 ] ] } },
{ "type": "Feature", "properties": { "element": "way", "id": 35085860, "name": "Pista de Silla", "bridge": "yes", "ford": "nan", "highway": "motorway" }, "geometry": { "type": "LineString", "coordinates": [ [ -0.4071105, 39.3771428 ], [ -0.4065843, 39.3772306 ] ] } },
{ "type": "Feature", "properties": { "element": "way", "id": 35599248, "name": "Autovia de la Mediterrània", "bridge": "yes", "ford": "nan", "highway": "motorway" }, "geometry": { "type": "LineString", "coordinates": [ [ -0.5023631, 39.5114675 ], [ -0.5016426, 39.511754 ], [ -0.5007203, 39.5120804 ], [ -0.4997186, 39.512375 ] ] } },
{ "type": "Feature", "properties": { "element": "way", "id": 35599251, "name": "Autovia de la Mediterrània", "bridge": "yes", "ford": "nan", "highway": "motorway" }, "geometry": { "type": "LineString", "coordinates": [ [ -0.4997699, 39.5124769 ], [ -0.5007804, 39.5121781 ], [ -0.5016799, 39.5118575 ], [ -0.5024284, 39.5115603 ] ] } },
{ "type": "Feature", "properties": { "element": "way", "id": 35982305, "name": "Camí de la Mar", "bridge": "yes", "ford": "nan", "highway": "unclassified" }, "geometry": { "type": "LineString", "coordinates": [ [ -0.329696, 39.4963174 ], [ -0.3293475, 39.4962032 ] ] } },
{ "type": "Feature", "properties": { "element": "way", "id": 36894450, "name": "nan", "bridge": "yes", "ford": "nan", "highway": "footway" }, "geometry": { "type": "LineString", "coordinates": [ [ -0.429897, 39.5101334 ], [ -0.429931, 39.5101396 ], [ -0.4299486, 39.5101531 ], [ -0.4299591, 39.5101723 ], [ -0.4299546, 39.510195 ], [ -0.4299386, 39.5102082 ], [ -0.4299139, 39.5102194 ], [ -0.4298736, 39.5102281 ], [ -0.4298433, 39.5102197 ], [ -0.4298262, 39.5102026 ], [ -0.4298251, 39.5101777 ], [ -0.4298441, 39.5101585 ], [ -0.4298728, 39.5101474 ] ] } },
{ "type": "Feature", "properties": { "element": "way", "id": 36894453, "name": "nan", "bridge": "yes", "ford": "nan", "highway": "footway" }, "geometry": { "type": "LineString", "coordinates": [ [ -0.4298728, 39.5101474 ], [ -0.4296213, 39.5097161 ] ] } },
{ "type": "Feature", "properties": { "element": "way", "id": 36950216, "name": "nan", "bridge": "yes", "ford": "nan", "highway": "tertiary" }, "geometry": { "type": "LineString", "coordinates": [ [ -0.3373839, 39.4077546 ], [ -0.3365615, 39.4079583 ] ] } },
{ "type": "Feature", "properties": { "element": "way", "id": 36950226, "name": "nan", "bridge": "yes", "ford": "nan", "highway": "trunk_link" }, "geometry": { "type": "LineString", "coordinates": [ [ -0.3413526, 39.4289686 ], [ -0.3412874, 39.429068 ], [ -0.34124, 39.4292069 ], [ -0.3412087, 39.4292891 ], [ -0.3411701, 39.4293644 ] ] } },
{ "type": "Feature", "properties": { "element": "way", "id": 36950240, "name": "nan", "bridge": "yes", "ford": "nan", "highway": "trunk_link" }, "geometry": { "type": "LineString", "coordinates": [ [ -0.3408814, 39.4250223 ], [ -0.3412078, 39.4251548 ] ] } },
{ "type": "Feature", "properties": { "element": "way", "id": 36950257, "name": "nan", "bridge": "yes", "ford": "nan", "highway": "trunk_link" }, "geometry": { "type": "LineString", "coordinates": [ [ -0.3408464, 39.4257707 ], [ -0.3406356, 39.4256926 ] ] } },
{ "type": "Feature", "properties": { "element": "way", "id": 36950258, "name": "nan", "bridge": "yes", "ford": "nan", "highway": "trunk" }, "geometry": { "type": "LineString", "coordinates": [ [ -0.3408168, 39.4258157 ], [ -0.3406013, 39.4257386 ] ] } },
{ "type": "Feature", "properties": { "element": "way", "id": 36950263, "name": "nan", "bridge": "yes", "ford": "nan", "highway": "trunk" }, "geometry": { "type": "LineString", "coordinates": [ [ -0.3388128, 39.42555 ], [ -0.3385219, 39.4255784 ], [ -0.3382878, 39.4256138 ], [ -0.3381542, 39.4256408 ], [ -0.3378916, 39.4257033 ], [ -0.3376574, 39.4257769 ], [ -0.3374652, 39.4258469 ], [ -0.3372688, 39.4259299 ], [ -0.3370423, 39.42604 ], [ -0.3368541, 39.4261445 ], [ -0.3366635, 39.4262679 ], [ -0.3364974, 39.4263903 ], [ -0.3363258, 39.4265357 ], [ -0.3362171, 39.4266346 ], [ -0.3360733, 39.4267914 ] ] } },
{ "type": "Feature", "properties": { "element": "way", "id": 36968746, "name": "nan", "bridge": "yes", "ford": "nan", "highway": "footway" }, "geometry": { "type": "LineString", "coordinates": [ [ -0.4400722, 39.4619851 ], [ -0.440061, 39.4620382 ], [ -0.4398646, 39.4620422 ], [ -0.4392723, 39.4622725 ], [ -0.4392059, 39.4623519 ] ] } },
{ "type": "Feature", "properties": { "element": "way", "id": 36974662, "name": "nan", "bridge": "yes", "ford": "nan", "highway": "motorway_link" }, "geometry": { "type": "LineString", "coordinates": [ [ -0.4541215, 39.3711517 ], [ -0.4545582, 39.3705496 ] ] } },
{ "type": "Feature", "properties": { "element": "way", "id": 36974664, "name": "nan", "bridge": "yes", "ford": "nan", "highway": "motorway_link" }, "geometry": { "type": "LineString", "coordinates": [ [ -0.4559844, 39.3685978 ], [ -0.4561975, 39.3682984 ] ] } },
{ "type": "Feature", "properties": { "element": "way", "id": 36974678, "name": "nan", "bridge": "yes", "ford": "nan", "highway": "trunk" }, "geometry": { "type": "LineString", "coordinates": [ [ -0.4485472, 39.3635727 ], [ -0.4497167, 39.3635962 ] ] } },
{ "type": "Feature", "properties": { "element": "way", "id": 36974679, "name": "nan", "bridge": "yes", "ford": "nan", "highway": "trunk" }, "geometry": { "type": "LineString", "coordinates": [ [ -0.4492496, 39.3632119 ], [ -0.4480942, 39.3633386 ] ] } },
{ "type": "Feature", "properties": { "element": "way", "id": 36974684, "name": "nan", "bridge": "yes", "ford": "nan", "highway": "tertiary" }, "geometry": { "type": "LineString", "coordinates": [ [ -0.4505566, 39.3634777 ], [ -0.4506953, 39.3634079 ], [ -0.4508248, 39.36333 ] ] } },
{ "type": "Feature", "properties": { "element": "way", "id": 36974686, "name": "Autovia de la Mediterrània", "bridge": "yes", "ford": "nan", "highway": "motorway" }, "geometry": { "type": "LineString", "coordinates": [ [ -0.4667933, 39.3787849 ], [ -0.467311, 39.3792235 ] ] } },
{ "type": "Feature", "properties": { "element": "way", "id": 36974688, "name": "Autovia de la Mediterrània", "bridge": "yes", "ford": "nan", "highway": "motorway" }, "geometry": { "type": "LineString", "coordinates": [ [ -0.4674827, 39.3791859 ], [ -0.4669696, 39.3787467 ] ] } },
{ "type": "Feature", "properties": { "element": "way", "id": 36974690, "name": "Autovia de la Mediterrània", "bridge": "yes", "ford": "nan", "highway": "motorway" }, "geometry": { "type": "LineString", "coordinates": [ [ -0.4692355, 39.3809432 ], [ -0.4688293, 39.3805229 ] ] } },
{ "type": "Feature", "properties": { "element": "way", "id": 36974692, "name": "Autovia de la Mediterrània", "bridge": "yes", "ford": "nan", "highway": "motorway" }, "geometry": { "type": "LineString", "coordinates": [ [ -0.4687503, 39.3806447 ], [ -0.4691629, 39.381077 ] ] } },
{ "type": "Feature", "properties": { "element": "way", "id": 36974694, "name": "Autovia de la Mediterrània", "bridge": "yes", "ford": "nan", "highway": "motorway" }, "geometry": { "type": "LineString", "coordinates": [ [ -0.4804427, 39.3892889 ], [ -0.4798256, 39.3887515 ] ] } },
{ "type": "Feature", "properties": { "element": "way", "id": 36974696, "name": "Autovia de la Mediterrània", "bridge": "yes", "ford": "nan", "highway": "motorway" }, "geometry": { "type": "LineString", "coordinates": [ [ -0.4797611, 39.3888838 ], [ -0.4803261, 39.3893754 ] ] } },
{ "type": "Feature", "properties": { "element": "way", "id": 36974698, "name": "nan", "bridge": "yes", "ford": "nan", "highway": "unclassified" }, "geometry": { "type": "LineString", "coordinates": [ [ -0.496901, 39.4081924 ], [ -0.4974782, 39.4077415 ] ] } },
{ "type": "Feature", "properties": { "element": "way", "id": 36988692, "name": "nan", "bridge": "yes", "ford": "nan", "highway": "footway" }, "geometry": { "type": "LineString", "coordinates": [ [ -0.4682243, 39.4607932 ], [ -0.468248, 39.4611306 ] ] } },
{ "type": "Feature", "properties": { "element": "way", "id": 36988693, "name": "nan", "bridge": "yes", "ford": "nan", "highway": "footway" }, "geometry": { "type": "LineString", "coordinates": [ [ -0.4646128, 39.4609155 ], [ -0.4646214, 39.4609943 ], [ -0.4646474, 39.4613027 ], [ -0.4646492, 39.4613242 ] ] } },
{ "type": "Feature", "properties": { "element": "way", "id": 37002873, "name": "nan", "bridge": "yes", "ford": "nan", "highway": "unclassified" }, "geometry": { "type": "LineString", "coordinates": [ [ -0.4887313, 39.4631081 ], [ -0.4888272, 39.4627225 ] ] } },
{ "type": "Feature", "properties": { "element": "way", "id": 37043280, "name": "Avinguda del Doctor Ruiz i Comes", "bridge": "yes", "ford": "nan", "highway": "tertiary" }, "geometry": { "type": "LineString", "coordinates": [ [ -0.3573349, 39.4350499 ], [ -0.3589845, 39.4322469 ] ] } },
{ "type": "Feature", "properties": { "element": "way", "id": 37043287, "name": "nan", "bridge": "yes", "ford": "nan", "highway": "trunk_link" }, "geometry": { "type": "LineString", "coordinates": [ [ -0.3705078, 39.4345768 ], [ -0.3705986, 39.4342679 ] ] } },
{ "type": "Feature", "properties": { "element": "way", "id": 37043289, "name": "Pista de Silla", "bridge": "yes", "ford": "nan", "highway": "trunk" }, "geometry": { "type": "LineString", "coordinates": [ [ -0.3702382, 39.4365026 ], [ -0.3705078, 39.4345768 ] ] } },
{ "type": "Feature", "properties": { "element": "way", "id": 37043293, "name": "nan", "bridge": "yes", "ford": "nan", "highway": "trunk_link" }, "geometry": { "type": "LineString", "coordinates": [ [ -0.37033, 39.4342464 ], [ -0.3703482, 39.434393 ] ] } },
{ "type": "Feature", "properties": { "element": "way", "id": 37043294, "name": "nan", "bridge": "yes", "ford": "nan", "highway": "trunk_link" }, "geometry": { "type": "LineString", "coordinates": [ [ -0.3702337, 39.4369256 ], [ -0.3702655, 39.4366609 ], [ -0.3702382, 39.4365026 ] ] } },
{ "type": "Feature", "properties": { "element": "way", "id": 37043299, "name": "nan", "bridge": "yes", "ford": "nan", "highway": "nan" }, "geometry": { "type": "LineString", "coordinates": [ [ -0.4052084, 39.4483404 ], [ -0.4054356, 39.4480564 ], [ -0.4057521, 39.4476363 ], [ -0.4060378, 39.4472345 ], [ -0.4069864, 39.4458223 ] ] } },
{ "type": "Feature", "properties": { "element": "way", "id": 37300352, "name": "Autovia del Túria", "bridge": "yes", "ford": "nan", "highway": "trunk" }, "geometry": { "type": "LineString", "coordinates": [ [ -0.405112, 39.4981992 ], [ -0.4044493, 39.4972752 ] ] } },
{ "type": "Feature", "properties": { "element": "way", "id": 37300361, "name": "Autovia del Túria", "bridge": "yes", "ford": "nan", "highway": "trunk" }, "geometry": { "type": "LineString", "coordinates": [ [ -0.4042966, 39.4973298 ], [ -0.4049522, 39.4982593 ] ] } },
{ "type": "Feature", "properties": { "element": "way", "id": 37300362, "name": "nan", "bridge": "yes", "ford": "nan", "highway": "primary_link" }, "geometry": { "type": "LineString", "coordinates": [ [ -0.3954163, 39.5028372 ], [ -0.394229, 39.5022694 ] ] } },
{ "type": "Feature", "properties": { "element": "way", "id": 37300363, "name": "nan", "bridge": "yes", "ford": "nan", "highway": "trunk_link" }, "geometry": { "type": "LineString", "coordinates": [ [ -0.3942083, 39.5023102 ], [ -0.395394, 39.5028743 ] ] } },
{ "type": "Feature", "properties": { "element": "way", "id": 37300368, "name": "nan", "bridge": "yes", "ford": "nan", "highway": "trunk_link" }, "geometry": { "type": "LineString", "coordinates": [ [ -0.4059077, 39.4978825 ], [ -0.4058007, 39.4977677 ], [ -0.4056729, 39.4976594 ], [ -0.4054778, 39.4975538 ], [ -0.4052862, 39.4974852 ], [ -0.4050486, 39.4974431 ], [ -0.4048742, 39.49743 ] ] } },
{ "type": "Feature", "properties": { "element": "way", "id": 38208380, "name": "nan", "bridge": "yes", "ford": "nan", "highway": "tertiary" }, "geometry": { "type": "LineString", "coordinates": [ [ -0.4554599, 39.3609596 ], [ -0.4563585, 39.3616816 ] ] } },
{ "type": "Feature", "properties": { "element": "way", "id": 39635097, "name": "nan", "bridge": "yes", "ford": "nan", "highway": "unclassified" }, "geometry": { "type": "LineString", "coordinates": [ [ -0.4447962, 39.486436 ], [ -0.4444384, 39.4867905 ] ] } },
{ "type": "Feature", "properties": { "element": "way", "id": 39640975, "name": "Carrer de València", "bridge": "yes", "ford": "nan", "highway": "secondary" }, "geometry": { "type": "LineString", "coordinates": [ [ -0.4513847, 39.4876405 ], [ -0.4519751, 39.4884384 ] ] } },
{ "type": "Feature", "properties": { "element": "way", "id": 39728287, "name": "nan", "bridge": "yes", "ford": "nan", "highway": "trunk" }, "geometry": { "type": "LineString", "coordinates": [ [ -0.3430704, 39.4461164 ], [ -0.343205, 39.4462127 ] ] } },
{ "type": "Feature", "properties": { "element": "way", "id": 39728288, "name": "nan", "bridge": "yes", "ford": "nan", "highway": "trunk" }, "geometry": { "type": "LineString", "coordinates": [ [ -0.3433242, 39.4461111 ], [ -0.3431912, 39.4460136 ] ] } },
{ "type": "Feature", "properties": { "element": "way", "id": 39736764, "name": "nan", "bridge": "yes", "ford": "nan", "highway": "trunk" }, "geometry": { "type": "LineString", "coordinates": [ [ -0.3414097, 39.4446983 ], [ -0.3404213, 39.4438767 ] ] } },
{ "type": "Feature", "properties": { "element": "way", "id": 39741339, "name": "nan", "bridge": "yes", "ford": "nan", "highway": "cycleway" }, "geometry": { "type": "LineString", "coordinates": [ [ -0.340693, 39.4454731 ], [ -0.3404818, 39.445465 ], [ -0.34048, 39.4454924 ], [ -0.3412918, 39.4455206 ], [ -0.3418165, 39.4455388 ] ] } },
{ "type": "Feature", "properties": { "element": "way", "id": 39743493, "name": "Entrador de Pedrós", "bridge": "yes", "ford": "nan", "highway": "unclassified" }, "geometry": { "type": "LineString", "coordinates": [ [ -0.3456682, 39.4448352 ], [ -0.3457372, 39.4448427 ] ] } },
{ "type": "Feature", "properties": { "element": "way", "id": 39743497, "name": "Camí del Caminot", "bridge": "yes", "ford": "nan", "highway": "residential" }, "geometry": { "type": "LineString", "coordinates": [ [ -0.345551, 39.4436006 ], [ -0.3456541, 39.4435241 ] ] } },
{ "type": "Feature", "properties": { "element": "way", "id": 39743499, "name": "nan", "bridge": "yes", "ford": "nan", "highway": "service" }, "geometry": { "type": "LineString", "coordinates": [ [ -0.3453689, 39.4410699 ], [ -0.345486, 39.4410744 ] ] } },
{ "type": "Feature", "properties": { "element": "way", "id": 40949606, "name": "nan", "bridge": "yes", "ford": "nan", "highway": "footway" }, "geometry": { "type": "LineString", "coordinates": [ [ -0.4625072, 39.4873643 ], [ -0.4628825, 39.4867611 ] ] } },
{ "type": "Feature", "properties": { "element": "way", "id": 40952340, "name": "nan", "bridge": "yes", "ford": "nan", "highway": "tertiary" }, "geometry": { "type": "LineString", "coordinates": [ [ -0.4116093, 39.3833992 ], [ -0.411503, 39.3836595 ], [ -0.4114846, 39.3836975 ] ] } },
{ "type": "Feature", "properties": { "element": "way", "id": 41044551, "name": "Avinguda de Giorgeta", "bridge": "yes", "ford": "nan", "highway": "primary" }, "geometry": { "type": "LineString", "coordinates": [ [ -0.3821431, 39.4559188 ], [ -0.3819754, 39.4557786 ], [ -0.3818846, 39.4557125 ], [ -0.3818015, 39.4556572 ], [ -0.3816764, 39.4555832 ], [ -0.3815251, 39.4555072 ], [ -0.3813824, 39.4554452 ], [ -0.3812408, 39.4553937 ], [ -0.3811302, 39.4553595 ], [ -0.3809714, 39.4553188 ], [ -0.3807911, 39.455284 ], [ -0.3806619, 39.4552651 ] ] } },
{ "type": "Feature", "properties": { "element": "way", "id": 41044561, "name": "Avinguda de Peris i Valero", "bridge": "yes", "ford": "nan", "highway": "primary" }, "geometry": { "type": "LineString", "coordinates": [ [ -0.3771529, 39.4563878 ], [ -0.3792218, 39.45551 ], [ -0.3795855, 39.4553998 ], [ -0.3798272, 39.4553573 ], [ -0.3799832, 39.4553369 ], [ -0.3801182, 39.455324 ], [ -0.3803005, 39.4553199 ], [ -0.3804969, 39.4553291 ], [ -0.3806687, 39.4553446 ] ] } },
{ "type": "Feature", "properties": { "element": "way", "id": 41413437, "name": "nan", "bridge": "yes", "ford": "nan", "highway": "unclassified" }, "geometry": { "type": "LineString", "coordinates": [ [ -0.4763376, 39.5024508 ], [ -0.4763425, 39.5026781 ] ] } },
{ "type": "Feature", "properties": { "element": "way", "id": 41725789, "name": "nan", "bridge": "yes", "ford": "nan", "highway": "secondary" }, "geometry": { "type": "LineString", "coordinates": [ [ -0.3889876, 39.4290278 ], [ -0.3901922, 39.4293525 ] ] } },
{ "type": "Feature", "properties": { "element": "way", "id": 42453179, "name": "nan", "bridge": "yes", "ford": "nan", "highway": "secondary" }, "geometry": { "type": "LineString", "coordinates": [ [ -0.4028312, 39.3783743 ], [ -0.4029106, 39.3782248 ], [ -0.4029445, 39.3780973 ], [ -0.4029604, 39.3778761 ], [ -0.4029325, 39.3776865 ] ] } },
{ "type": "Feature", "properties": { "element": "way", "id": 42937799, "name": "nan", "bridge": "yes", "ford": "nan", "highway": "tertiary" }, "geometry": { "type": "LineString", "coordinates": [ [ -0.3928289, 39.4140162 ], [ -0.3942547, 39.4142735 ] ] } },
{ "type": "Feature", "properties": { "element": "way", "id": 43154494, "name": "Avinguda del Sud", "bridge": "yes", "ford": "nan", "highway": "secondary" }, "geometry": { "type": "LineString", "coordinates": [ [ -0.4066664, 39.4129079 ], [ -0.4059886, 39.4134472 ] ] } },
{ "type": "Feature", "properties": { "element": "way", "id": 43154495, "name": "Avinguda del Sud", "bridge": "yes", "ford": "nan", "highway": "secondary" }, "geometry": { "type": "LineString", "coordinates": [ [ -0.4061041, 39.4136456 ], [ -0.4067869, 39.4131047 ] ] } },
{ "type": "Feature", "properties": { "element": "way", "id": 43154534, "name": "nan", "bridge": "yes", "ford": "nan", "highway": "residential" }, "geometry": { "type": "LineString", "coordinates": [ [ -0.3977129, 39.4058788 ], [ -0.3965968, 39.4048563 ] ] } },
{ "type": "Feature", "properties": { "element": "way", "id": 43317847, "name": "Ronda del Nord", "bridge": "yes", "ford": "nan", "highway": "unclassified" }, "geometry": { "type": "LineString", "coordinates": [ [ -0.396867, 39.4041156 ], [ -0.3969715, 39.4042265 ], [ -0.3970547, 39.4043264 ], [ -0.397171, 39.4044734 ], [ -0.3972714, 39.4045991 ], [ -0.3974859, 39.4048683 ], [ -0.3977031, 39.4051205 ], [ -0.3977797, 39.405203 ], [ -0.3978539, 39.4052763 ], [ -0.3980786, 39.4054819 ], [ -0.3982844, 39.4056537 ] ] } },
{ "type": "Feature", "properties": { "element": "way", "id": 44145129, "name": "Avinguda de Francesc Císcar", "bridge": "yes", "ford": "nan", "highway": "tertiary" }, "geometry": { "type": "LineString", "coordinates": [ [ -0.4196603, 39.4315004 ], [ -0.4189773, 39.4317113 ] ] } },
{ "type": "Feature", "properties": { "element": "way", "id": 44172051, "name": "nan", "bridge": "yes", "ford": "nan", "highway": "tertiary" }, "geometry": { "type": "LineString", "coordinates": [ [ -0.4182396, 39.4296524 ], [ -0.4185981, 39.4289431 ] ] } },
{ "type": "Feature", "properties": { "element": "way", "id": 44172052, "name": "nan", "bridge": "yes", "ford": "nan", "highway": "nan" }, "geometry": { "type": "LineString", "coordinates": [ [ -0.41909, 39.431932 ], [ -0.4197502, 39.4316806 ] ] } },
{ "type": "Feature", "properties": { "element": "way", "id": 44176547, "name": "nan", "bridge": "yes", "ford": "nan", "highway": "unclassified" }, "geometry": { "type": "LineString", "coordinates": [ [ -0.4085223, 39.4433019 ], [ -0.4087843, 39.4434072 ] ] } },
{ "type": "Feature", "properties": { "element": "way", "id": 44220407, "name": "Carretera de Picanya a Paiporta", "bridge": "yes", "ford": "nan", "highway": "tertiary" }, "geometry": { "type": "LineString", "coordinates": [ [ -0.4266535, 39.431074 ], [ -0.4264947, 39.4306049 ], [ -0.4264579, 39.4305062 ] ] } },
{ "type": "Feature", "properties": { "element": "way", "id": 44499941, "name": "Camí de la Nòria", "bridge": "yes", "ford": "nan", "highway": "unclassified" }, "geometry": { "type": "LineString", "coordinates": [ [ -0.4452452, 39.4347146 ], [ -0.4457087, 39.434814 ] ] } },
{ "type": "Feature", "properties": { "element": "way", "id": 44500372, "name": "nan", "bridge": "yes", "ford": "nan", "highway": "tertiary" }, "geometry": { "type": "LineString", "coordinates": [ [ -0.4467909, 39.4216991 ], [ -0.44742, 39.4212238 ] ] } },
{ "type": "Feature", "properties": { "element": "way", "id": 44500749, "name": "Passarel·la d'Ángel González", "bridge": "yes", "ford": "nan", "highway": "cycleway" }, "geometry": { "type": "LineString", "coordinates": [ [ -0.4323258, 39.4355662 ], [ -0.4319906, 39.4361172 ], [ -0.4319461, 39.436201 ] ] } },
{ "type": "Feature", "properties": { "element": "way", "id": 44500774, "name": "Passarel·la de Maria Cambrils", "bridge": "yes", "ford": "nan", "highway": "path" }, "geometry": { "type": "LineString", "coordinates": [ [ -0.4346914, 39.4371197 ], [ -0.4347081, 39.4370839 ], [ -0.4350987, 39.4364349 ] ] } },
{ "type": "Feature", "properties": { "element": "way", "id": 44675726, "name": "nan", "bridge": "yes", "ford": "nan", "highway": "tertiary" }, "geometry": { "type": "LineString", "coordinates": [ [ -0.4573259, 39.43782 ], [ -0.457422, 39.4374215 ], [ -0.4575375, 39.4369607 ] ] } },
{ "type": "Feature", "properties": { "element": "way", "id": 45010765, "name": "Camí dels Hornillos", "bridge": "yes", "ford": "nan", "highway": "nan" }, "geometry": { "type": "LineString", "coordinates": [ [ -0.4717768, 39.4398571 ], [ -0.4723038, 39.4398083 ] ] } },
{ "type": "Feature", "properties": { "element": "way", "id": 45065464, "name": "nan", "bridge": "yes", "ford": "nan", "highway": "tertiary" }, "geometry": { "type": "LineString", "coordinates": [ [ -0.4275668, 39.4968048 ], [ -0.4277672, 39.4970133 ] ] } },
{ "type": "Feature", "properties": { "element": "way", "id": 45319970, "name": "Carrer del Tomell", "bridge": "yes", "ford": "nan", "highway": "tertiary" }, "geometry": { "type": "LineString", "coordinates": [ [ -0.4333381, 39.5143045 ], [ -0.4329122, 39.5140071 ] ] } },
{ "type": "Feature", "properties": { "element": "way", "id": 48780772, "name": "Acceso Noroeste de Paterna", "bridge": "yes", "ford": "nan", "highway": "primary" }, "geometry": { "type": "LineString", "coordinates": [ [ -0.4341533, 39.5081511 ], [ -0.4340144, 39.5081874 ] ] } },
{ "type": "Feature", "properties": { "element": "way", "id": 49894090, "name": "nan", "bridge": "yes", "ford": "nan", "highway": "path" }, "geometry": { "type": "LineString", "coordinates": [ [ -0.4285315, 39.5180385 ], [ -0.4281989, 39.5179723 ] ] } },
{ "type": "Feature", "properties": { "element": "way", "id": 50148615, "name": "Circumval·lació de València", "bridge": "yes", "ford": "nan", "highway": "motorway" }, "geometry": { "type": "LineString", "coordinates": [ [ -0.434913, 39.4872637 ], [ -0.4351747, 39.4873247 ] ] } },
{ "type": "Feature", "properties": { "element": "way", "id": 62675799, "name": "nan", "bridge": "yes", "ford": "nan", "highway": "unclassified" }, "geometry": { "type": "LineString", "coordinates": [ [ -0.3708048, 39.5177089 ], [ -0.3716331, 39.517373 ] ] } },
{ "type": "Feature", "properties": { "element": "way", "id": 62711620, "name": "Camí de Carpesa a Montcada", "bridge": "yes", "ford": "nan", "highway": "unclassified" }, "geometry": { "type": "LineString", "coordinates": [ [ -0.3777541, 39.5131163 ], [ -0.3775977, 39.5133612 ] ] } },
{ "type": "Feature", "properties": { "element": "way", "id": 68649065, "name": "Pista de Silla", "bridge": "yes", "ford": "nan", "highway": "motorway" }, "geometry": { "type": "LineString", "coordinates": [ [ -0.4090072, 39.376792 ], [ -0.4083739, 39.3768959 ] ] } },
{ "type": "Feature", "properties": { "element": "way", "id": 68649067, "name": "Pista de Silla", "bridge": "yes", "ford": "nan", "highway": "motorway" }, "geometry": { "type": "LineString", "coordinates": [ [ -0.4083678, 39.377074 ], [ -0.409017, 39.3769549 ] ] } },
{ "type": "Feature", "properties": { "element": "way", "id": 68649895, "name": "300 - Madrid Chamartín - València Estació del Nord", "bridge": "yes", "ford": "nan", "highway": "nan" }, "geometry": { "type": "LineString", "coordinates": [ [ -0.4061117, 39.3832994 ], [ -0.4062122, 39.3830617 ] ] } },
{ "type": "Feature", "properties": { "element": "way", "id": 68649901, "name": "Pista de Silla", "bridge": "yes", "ford": "nan", "highway": "motorway" }, "geometry": { "type": "LineString", "coordinates": [ [ -0.3992086, 39.3820394 ], [ -0.3988868, 39.3825183 ] ] } },
{ "type": "Feature", "properties": { "element": "way", "id": 68649910, "name": "Pista de Silla", "bridge": "yes", "ford": "nan", "highway": "motorway" }, "geometry": { "type": "LineString", "coordinates": [ [ -0.3990473, 39.3825882 ], [ -0.3993738, 39.3820993 ] ] } },
{ "type": "Feature", "properties": { "element": "way", "id": 85683033, "name": "Camí del Bovalar", "bridge": "yes", "ford": "nan", "highway": "tertiary" }, "geometry": { "type": "LineString", "coordinates": [ [ -0.4724077, 39.4511161 ], [ -0.4730914, 39.4509795 ] ] } },
{ "type": "Feature", "properties": { "element": "way", "id": 85683034, "name": "FFCC València - Sant Vicenç de Calders", "bridge": "yes", "ford": "nan", "highway": "nan" }, "geometry": { "type": "LineString", "coordinates": [ [ -0.3283457, 39.5024324 ], [ -0.328477, 39.5017662 ] ] } },
{ "type": "Feature", "properties": { "element": "way", "id": 85683035, "name": "Carrera del Riu", "bridge": "yes", "ford": "nan", "highway": "tertiary" }, "geometry": { "type": "LineString", "coordinates": [ [ -0.3427797, 39.4384801 ], [ -0.3427864, 39.4387322 ] ] } },
{ "type": "Feature", "properties": { "element": "way", "id": 85683044, "name": "nan", "bridge": "yes", "ford": "nan", "highway": "unclassified" }, "geometry": { "type": "LineString", "coordinates": [ [ -0.3335911, 39.433296 ], [ -0.3335418, 39.4334103 ], [ -0.3335164, 39.4335062 ], [ -0.3335007, 39.4335773 ], [ -0.3334925, 39.4336528 ] ] } },
{ "type": "Feature", "properties": { "element": "way", "id": 85683049, "name": "nan", "bridge": "yes", "ford": "nan", "highway": "nan" }, "geometry": { "type": "LineString", "coordinates": [ [ -0.4614524, 39.426826 ], [ -0.4612817, 39.4270591 ], [ -0.4612094, 39.4271872 ] ] } },
{ "type": "Feature", "properties": { "element": "way", "id": 85683060, "name": "Accés Est de Torrent", "bridge": "yes", "ford": "nan", "highway": "primary" }, "geometry": { "type": "LineString", "coordinates": [ [ -0.4605283, 39.4255885 ], [ -0.4609365, 39.4255882 ] ] } },
{ "type": "Feature", "properties": { "element": "way", "id": 85683063, "name": "Accés Est de Torrent", "bridge": "yes", "ford": "nan", "highway": "primary" }, "geometry": { "type": "LineString", "coordinates": [ [ -0.4609001, 39.4254679 ], [ -0.460523, 39.4254689 ] ] } },
{ "type": "Feature", "properties": { "element": "way", "id": 85683064, "name": "nan", "bridge": "yes", "ford": "nan", "highway": "unclassified" }, "geometry": { "type": "LineString", "coordinates": [ [ -0.333779, 39.4391316 ], [ -0.333849, 39.4390029 ], [ -0.3339422, 39.4388209 ], [ -0.3340202, 39.4386435 ], [ -0.3341191, 39.4383859 ], [ -0.3341835, 39.4381966 ], [ -0.3342454, 39.43798 ], [ -0.3342965, 39.4377603 ], [ -0.3343372, 39.4375406 ], [ -0.3343626, 39.4373346 ], [ -0.3343769, 39.4370919 ], [ -0.3343869, 39.4368597 ], [ -0.3343994, 39.4364032 ], [ -0.3344265, 39.4359003 ] ] } },
{ "type": "Feature", "properties": { "element": "way", "id": 85683065, "name": "nan", "bridge": "yes", "ford": "nan", "highway": "secondary" }, "geometry": { "type": "LineString", "coordinates": [ [ -0.3420129, 39.4532144 ], [ -0.3419503, 39.4532272 ], [ -0.3418641, 39.4532413 ], [ -0.3412439, 39.4532993 ] ] } },
{ "type": "Feature", "properties": { "element": "way", "id": 85683067, "name": "FFCC València - Sant Vicenç de Calders", "bridge": "yes", "ford": "nan", "highway": "nan" }, "geometry": { "type": "LineString", "coordinates": [ [ -0.3284333, 39.5017582 ], [ -0.3283035, 39.5024268 ] ] } },
{ "type": "Feature", "properties": { "element": "way", "id": 89212728, "name": "nan", "bridge": "yes", "ford": "nan", "highway": "service" }, "geometry": { "type": "LineString", "coordinates": [ [ -0.3397436, 39.4288836 ], [ -0.3399588, 39.4287042 ] ] } },
{ "type": "Feature", "properties": { "element": "way", "id": 89212734, "name": "Circumval·lació de València", "bridge": "yes", "ford": "nan", "highway": "trunk" }, "geometry": { "type": "LineString", "coordinates": [ [ -0.3419469, 39.4295412 ], [ -0.3419943, 39.4294931 ], [ -0.3420476, 39.4294533 ], [ -0.3421294, 39.4294034 ], [ -0.3422047, 39.4293689 ], [ -0.3422495, 39.4293531 ] ] } },
{ "type": "Feature", "properties": { "element": "way", "id": 89212751, "name": "nan", "bridge": "yes", "ford": "nan", "highway": "motorway_link" }, "geometry": { "type": "LineString", "coordinates": [ [ -0.3398486, 39.4289458 ], [ -0.3398817, 39.4288962 ], [ -0.3399159, 39.4288567 ], [ -0.3399677, 39.4288085 ], [ -0.3400249, 39.4287622 ], [ -0.3400858, 39.4287224 ] ] } },
{ "type": "Feature", "properties": { "element": "way", "id": 89212753, "name": "nan", "bridge": "yes", "ford": "nan", "highway": "motorway_link" }, "geometry": { "type": "LineString", "coordinates": [ [ -0.3417023, 39.4294553 ], [ -0.3417381, 39.4294147 ], [ -0.3417696, 39.429383 ], [ -0.3418149, 39.429344 ], [ -0.3418564, 39.429311 ], [ -0.3419128, 39.4292755 ], [ -0.3419901, 39.4292356 ] ] } },
{ "type": "Feature", "properties": { "element": "way", "id": 89212754, "name": "nan", "bridge": "yes", "ford": "nan", "highway": "trunk_link" }, "geometry": { "type": "LineString", "coordinates": [ [ -0.3584262, 39.4353435 ], [ -0.3585456, 39.4352453 ], [ -0.3586689, 39.4351991 ], [ -0.3588, 39.4351734 ] ] } },
{ "type": "Feature", "properties": { "element": "way", "id": 89212760, "name": "nan", "bridge": "yes", "ford": "nan", "highway": "cycleway" }, "geometry": { "type": "LineString", "coordinates": [ [ -0.3379885, 39.4378694 ], [ -0.3379028, 39.4383576 ] ] } },
{ "type": "Feature", "properties": { "element": "way", "id": 89212764, "name": "nan", "bridge": "yes", "ford": "nan", "highway": "trunk" }, "geometry": { "type": "LineString", "coordinates": [ [ -0.3381524, 39.4378675 ], [ -0.3380499, 39.4383836 ] ] } },
{ "type": "Feature", "properties": { "element": "way", "id": 89212766, "name": "nan", "bridge": "yes", "ford": "nan", "highway": "service" }, "geometry": { "type": "LineString", "coordinates": [ [ -0.3399179, 39.4286664 ], [ -0.3396967, 39.428848 ] ] } },
{ "type": "Feature", "properties": { "element": "way", "id": 89212775, "name": "nan", "bridge": "yes", "ford": "nan", "highway": "trunk" }, "geometry": { "type": "LineString", "coordinates": [ [ -0.3382753, 39.438351 ], [ -0.3383641, 39.4378939 ] ] } },
{ "type": "Feature", "properties": { "element": "way", "id": 91250653, "name": "Línea de Alta Velocidad Valencia-Alicante", "bridge": "yes", "ford": "nan", "highway": "nan" }, "geometry": { "type": "LineString", "coordinates": [ [ -0.4436741, 39.4412813 ], [ -0.4444305, 39.4407115 ] ] } },
{ "type": "Feature", "properties": { "element": "way", "id": 91250655, "name": "Línea de Alta Velocidad Madrid - Cuenca - Valencia", "bridge": "yes", "ford": "nan", "highway": "nan" }, "geometry": { "type": "LineString", "coordinates": [ [ -0.4170738, 39.4462935 ], [ -0.4189313, 39.446571 ] ] } },
{ "type": "Feature", "properties": { "element": "way", "id": 91250659, "name": "Línea de Alta Velocidad Madrid - Cuenca - Valencia", "bridge": "yes", "ford": "nan", "highway": "nan" }, "geometry": { "type": "LineString", "coordinates": [ [ -0.4235189, 39.446963 ], [ -0.4242345, 39.4470343 ], [ -0.4249456, 39.4471286 ] ] } },
{ "type": "Feature", "properties": { "element": "way", "id": 91250666, "name": "nan", "bridge": "yes", "ford": "nan", "highway": "nan" }, "geometry": { "type": "LineString", "coordinates": [ [ -0.4458385, 39.439237 ], [ -0.4449331, 39.4400911 ] ] } },
{ "type": "Feature", "properties": { "element": "way", "id": 91250667, "name": "Línea de Alta Velocidad Madrid - Cuenca - Valencia", "bridge": "yes", "ford": "nan", "highway": "nan" }, "geometry": { "type": "LineString", "coordinates": [ [ -0.4249509, 39.4470883 ], [ -0.424235, 39.4469936 ], [ -0.4235188, 39.4469217 ] ] } },
{ "type": "Feature", "properties": { "element": "way", "id": 91250668, "name": "Línea de Alta Velocidad Valencia-Alicante", "bridge": "yes", "ford": "nan", "highway": "nan" }, "geometry": { "type": "LineString", "coordinates": [ [ -0.417022, 39.4463261 ], [ -0.4187756, 39.4466716 ] ] } },
{ "type": "Feature", "properties": { "element": "way", "id": 91250669, "name": "Línea de Alta Velocidad Madrid - Cuenca - Valencia", "bridge": "yes", "ford": "nan", "highway": "nan" }, "geometry": { "type": "LineString", "coordinates": [ [ -0.4017109, 39.4446281 ], [ -0.4021321, 39.4446724 ], [ -0.4026472, 39.4447091 ], [ -0.4062607, 39.4448411 ] ] } },
{ "type": "Feature", "properties": { "element": "way", "id": 91250673, "name": "Línea de Alta Velocidad Madrid - Cuenca - Valencia", "bridge": "yes", "ford": "nan", "highway": "nan" }, "geometry": { "type": "LineString", "coordinates": [ [ -0.4986081, 39.4441907 ], [ -0.4974779, 39.4440957 ], [ -0.4962518, 39.4439907 ], [ -0.4950234, 39.4439027 ], [ -0.4937932, 39.4438317 ], [ -0.4925615, 39.4437778 ], [ -0.4913288, 39.443741 ], [ -0.4900954, 39.4437213 ], [ -0.4888617, 39.4437147 ] ] } },
{ "type": "Feature", "properties": { "element": "way", "id": 91250674, "name": "Línea de Alta Velocidad Madrid - Cuenca - Valencia", "bridge": "yes", "ford": "nan", "highway": "nan" }, "geometry": { "type": "LineString", "coordinates": [ [ -0.406251, 39.4448038 ], [ -0.4026372, 39.444668 ], [ -0.4021279, 39.444634 ], [ -0.4017188, 39.4445923 ] ] } },
{ "type": "Feature", "properties": { "element": "way", "id": 91250677, "name": "Línea de Alta Velocidad Valencia-Alicante", "bridge": "yes", "ford": "nan", "highway": "nan" }, "geometry": { "type": "LineString", "coordinates": [ [ -0.4450817, 39.4401512 ], [ -0.445989, 39.4393108 ] ] } },
{ "type": "Feature", "properties": { "element": "way", "id": 91250683, "name": "Camí de Faitanar", "bridge": "yes", "ford": "nan", "highway": "tertiary" }, "geometry": { "type": "LineString", "coordinates": [ [ -0.4277393, 39.4468719 ], [ -0.4275775, 39.4462087 ] ] } },
{ "type": "Feature", "properties": { "element": "way", "id": 91250684, "name": "nan", "bridge": "yes", "ford": "nan", "highway": "nan" }, "geometry": { "type": "LineString", "coordinates": [ [ -0.4442989, 39.4406368 ], [ -0.4435505, 39.4412023 ] ] } },
{ "type": "Feature", "properties": { "element": "way", "id": 91250686, "name": "Línea de Alta Velocidad Madrid - Cuenca - Valencia", "bridge": "yes", "ford": "nan", "highway": "nan" }, "geometry": { "type": "LineString", "coordinates": [ [ -0.4189862, 39.4465354 ], [ -0.4171283, 39.4462593 ] ] } },
{ "type": "Feature", "properties": { "element": "way", "id": 91250688, "name": "nan", "bridge": "yes", "ford": "nan", "highway": "nan" }, "geometry": { "type": "LineString", "coordinates": [ [ -0.4192117, 39.446387 ], [ -0.4187389, 39.4463391 ], [ -0.4184167, 39.446301 ], [ -0.4180999, 39.4462634 ], [ -0.4177116, 39.4462112 ], [ -0.4173045, 39.4461537 ] ] } },
{ "type": "Feature", "properties": { "element": "way", "id": 91250691, "name": "Línea de Alta Velocidad Madrid - Cuenca - Valencia", "bridge": "yes", "ford": "nan", "highway": "nan" }, "geometry": { "type": "LineString", "coordinates": [ [ -0.4888651, 39.4437651 ], [ -0.4900986, 39.4437636 ], [ -0.4913319, 39.4437816 ], [ -0.4925645, 39.4438175 ], [ -0.493796, 39.4438712 ], [ -0.495026, 39.4439427 ], [ -0.496254, 39.444032 ], [ -0.4974797, 39.4441391 ], [ -0.4986013, 39.4442343 ] ] } },
{ "type": "Feature", "properties": { "element": "way", "id": 91278886, "name": "nan", "bridge": "yes", "ford": "nan", "highway": "secondary" }, "geometry": { "type": "LineString", "coordinates": [ [ -0.4550823, 39.4430103 ], [ -0.4551395, 39.4429783 ], [ -0.4551921, 39.4429463 ], [ -0.4552456, 39.4428958 ], [ -0.4552734, 39.4428595 ], [ -0.4552946, 39.4428049 ], [ -0.4553049, 39.4427523 ], [ -0.4553029, 39.4426997 ] ] } },
{ "type": "Feature", "properties": { "element": "way", "id": 91278899, "name": "nan", "bridge": "yes", "ford": "nan", "highway": "secondary" }, "geometry": { "type": "LineString", "coordinates": [ [ -0.4547266, 39.4424596 ], [ -0.4546739, 39.442486 ], [ -0.4546287, 39.4425125 ], [ -0.4545915, 39.4425421 ], [ -0.4545555, 39.4425833 ], [ -0.4545376, 39.4426133 ], [ -0.4545205, 39.4426591 ], [ -0.4545128, 39.4426921 ], [ -0.454508, 39.4427255 ], [ -0.4545098, 39.4427669 ] ] } },
{ "type": "Feature", "properties": { "element": "way", "id": 91684114, "name": "300 - Madrid Chamartín - València Estació del Nord", "bridge": "yes", "ford": "nan", "highway": "nan" }, "geometry": { "type": "LineString", "coordinates": [ [ -0.3872027, 39.4361243 ], [ -0.3865389, 39.4382265 ] ] } },
{ "type": "Feature", "properties": { "element": "way", "id": 91928493, "name": "300 - Madrid Chamartín - València Estació del Nord", "bridge": "yes", "ford": "nan", "highway": "nan" }, "geometry": { "type": "LineString", "coordinates": [ [ -0.4061656, 39.3830493 ], [ -0.4060665, 39.383287 ] ] } },
{ "type": "Feature", "properties": { "element": "way", "id": 95513206, "name": "Rotonda de la Creu", "bridge": "yes", "ford": "nan", "highway": "secondary" }, "geometry": { "type": "LineString", "coordinates": [ [ -0.4303677, 39.4397438 ], [ -0.4303796, 39.4396278 ], [ -0.430348, 39.439514 ] ] } },
{ "type": "Feature", "properties": { "element": "way", "id": 95513207, "name": "Rotonda de la Creu", "bridge": "yes", "ford": "nan", "highway": "secondary" }, "geometry": { "type": "LineString", "coordinates": [ [ -0.4293506, 39.4397365 ], [ -0.4294023, 39.4398441 ], [ -0.4294912, 39.4399383 ] ] } },
{ "type": "Feature", "properties": { "element": "way", "id": 96121305, "name": "Xirivella L'Alter - València Sant Isidre", "bridge": "yes", "ford": "nan", "highway": "nan" }, "geometry": { "type": "LineString", "coordinates": [ [ -0.4173609, 39.4599644 ], [ -0.4172171, 39.4599343 ], [ -0.4170446, 39.4598975 ], [ -0.4134167, 39.4591672 ], [ -0.4129954, 39.459081 ] ] } },
{ "type": "Feature", "properties": { "element": "way", "id": 96152611, "name": "Autovia de Torrent", "bridge": "yes", "ford": "nan", "highway": "motorway" }, "geometry": { "type": "LineString", "coordinates": [ [ -0.4722915, 39.4461365 ], [ -0.4718737, 39.4460168 ] ] } },
{ "type": "Feature", "properties": { "element": "way", "id": 96152615, "name": "nan", "bridge": "yes", "ford": "nan", "highway": "motorway_link" }, "geometry": { "type": "LineString", "coordinates": [ [ -0.4723035, 39.4460966 ], [ -0.4718907, 39.445973 ] ] } },
{ "type": "Feature", "properties": { "element": "way", "id": 96152677, "name": "Autovia de Torrent", "bridge": "yes", "ford": "nan", "highway": "motorway" }, "geometry": { "type": "LineString", "coordinates": [ [ -0.4718195, 39.4461284 ], [ -0.4722348, 39.4462516 ] ] } },
{ "type": "Feature", "properties": { "element": "way", "id": 97287557, "name": "nan", "bridge": "yes", "ford": "nan", "highway": "trunk_link" }, "geometry": { "type": "LineString", "coordinates": [ [ -0.4156544, 39.4628677 ], [ -0.4158474, 39.4631302 ] ] } },
{ "type": "Feature", "properties": { "element": "way", "id": 98004588, "name": "Accés nord-oest a Paterna", "bridge": "yes", "ford": "nan", "highway": "primary" }, "geometry": { "type": "LineString", "coordinates": [ [ -0.4584309, 39.5080986 ], [ -0.4587005, 39.5079109 ] ] } },
{ "type": "Feature", "properties": { "element": "way", "id": 99867790, "name": "Camí dels Muntanyars", "bridge": "yes", "ford": "nan", "highway": "residential" }, "geometry": { "type": "LineString", "coordinates": [ [ -0.3356536, 39.4240006 ], [ -0.3356341, 39.4241168 ] ] } },
{ "type": "Feature", "properties": { "element": "way", "id": 99867833, "name": "Anell Verd Metropolità", "bridge": "yes", "ford": "nan", "highway": "path" }, "geometry": { "type": "LineString", "coordinates": [ [ -0.3420994, 39.4215794 ], [ -0.3420659, 39.4215822 ], [ -0.3420391, 39.4212773 ], [ -0.3420732, 39.421239 ], [ -0.3425335, 39.4212565 ], [ -0.3429748, 39.4212697 ] ] } },
{ "type": "Feature", "properties": { "element": "way", "id": 99867844, "name": "Carretera de l'Albufera", "bridge": "yes", "ford": "nan", "highway": "secondary" }, "geometry": { "type": "LineString", "coordinates": [ [ -0.3331504, 39.3759733 ], [ -0.3328756, 39.3760494 ] ] } },
{ "type": "Feature", "properties": { "element": "way", "id": 99867856, "name": "nan", "bridge": "yes", "ford": "nan", "highway": "track" }, "geometry": { "type": "LineString", "coordinates": [ [ -0.3167266, 39.3495165 ], [ -0.3169208, 39.3500178 ] ] } },
{ "type": "Feature", "properties": { "element": "way", "id": 99867904, "name": "nan", "bridge": "yes", "ford": "nan", "highway": "unclassified" }, "geometry": { "type": "LineString", "coordinates": [ [ -0.3429569, 39.425195 ], [ -0.3430153, 39.4251066 ] ] } },
{ "type": "Feature", "properties": { "element": "way", "id": 99884414, "name": "nan", "bridge": "yes", "ford": "nan", "highway": "cycleway" }, "geometry": { "type": "LineString", "coordinates": [ [ -0.4066375, 39.4128607 ], [ -0.4059619, 39.4134014 ] ] } },
{ "type": "Feature", "properties": { "element": "way", "id": 107358821, "name": "nan", "bridge": "yes", "ford": "nan", "highway": "footway" }, "geometry": { "type": "LineString", "coordinates": [ [ -0.4020364, 39.4993304 ], [ -0.4019085, 39.4994132 ] ] } },
{ "type": "Feature", "properties": { "element": "way", "id": 110065499, "name": "Anell Verd Metropolità València", "bridge": "yes", "ford": "nan", "highway": "cycleway" }, "geometry": { "type": "LineString", "coordinates": [ [ -0.4475877, 39.4619502 ], [ -0.4476293, 39.4616719 ] ] } },
{ "type": "Feature", "properties": { "element": "way", "id": 111988757, "name": "nan", "bridge": "yes", "ford": "nan", "highway": "secondary" }, "geometry": { "type": "LineString", "coordinates": [ [ -0.4511249, 39.4937883 ], [ -0.4526262, 39.4928912 ] ] } },
{ "type": "Feature", "properties": { "element": "way", "id": 111988759, "name": "nan", "bridge": "yes", "ford": "nan", "highway": "path" }, "geometry": { "type": "LineString", "coordinates": [ [ -0.4511743, 39.4938395 ], [ -0.452675, 39.4929406 ] ] } },
{ "type": "Feature", "properties": { "element": "way", "id": 111988765, "name": "nan", "bridge": "yes", "ford": "nan", "highway": "path" }, "geometry": { "type": "LineString", "coordinates": [ [ -0.4525732, 39.4928377 ], [ -0.4510771, 39.4937387 ] ] } },
{ "type": "Feature", "properties": { "element": "way", "id": 117809803, "name": "Pont de l'Assut de l'Or", "bridge": "yes", "ford": "nan", "highway": "cycleway" }, "geometry": { "type": "LineString", "coordinates": [ [ -0.3481996, 39.4558306 ], [ -0.3512359, 39.4537908 ] ] } },
{ "type": "Feature", "properties": { "element": "way", "id": 117809822, "name": "Pont de l'Assut de l'Or", "bridge": "yes", "ford": "nan", "highway": "cycleway" }, "geometry": { "type": "LineString", "coordinates": [ [ -0.3511484, 39.4537147 ], [ -0.3481324, 39.4557712 ] ] } },
{ "type": "Feature", "properties": { "element": "way", "id": 118189642, "name": "nan", "bridge": "yes", "ford": "nan", "highway": "nan" }, "geometry": { "type": "LineString", "coordinates": [ [ -0.4285361, 39.4964555 ], [ -0.427848, 39.4968035 ] ] } },
{ "type": "Feature", "properties": { "element": "way", "id": 118193659, "name": "nan", "bridge": "yes", "ford": "nan", "highway": "footway" }, "geometry": { "type": "LineString", "coordinates": [ [ -0.4083471, 39.4779427 ], [ -0.4095486, 39.4777654 ] ] } },
{ "type": "Feature", "properties": { "element": "way", "id": 118200598, "name": "Acceso Noroeste de Paterna", "bridge": "yes", "ford": "nan", "highway": "primary" }, "geometry": { "type": "LineString", "coordinates": [ [ -0.442668, 39.5101717 ], [ -0.4424543, 39.5100933 ] ] } },
{ "type": "Feature", "properties": { "element": "way", "id": 118200602, "name": "Acceso Noroeste de Paterna", "bridge": "yes", "ford": "nan", "highway": "primary" }, "geometry": { "type": "LineString", "coordinates": [ [ -0.4424171, 39.5101996 ], [ -0.4426429, 39.5102809 ] ] } },
{ "type": "Feature", "properties": { "element": "way", "id": 118200603, "name": "Acceso Noroeste de Paterna", "bridge": "yes", "ford": "nan", "highway": "primary" }, "geometry": { "type": "LineString", "coordinates": [ [ -0.4441232, 39.51071 ], [ -0.4439383, 39.5106436 ] ] } },
{ "type": "Feature", "properties": { "element": "way", "id": 118200609, "name": "Acceso Noroeste de Paterna", "bridge": "yes", "ford": "nan", "highway": "primary" }, "geometry": { "type": "LineString", "coordinates": [ [ -0.4439234, 39.5107547 ], [ -0.4441002, 39.5108232 ] ] } },
{ "type": "Feature", "properties": { "element": "way", "id": 118695390, "name": "Camí Vell de Picassent", "bridge": "yes", "ford": "nan", "highway": "residential" }, "geometry": { "type": "LineString", "coordinates": [ [ -0.3968315, 39.443471 ], [ -0.3968909, 39.4430602 ], [ -0.3969001, 39.4429161 ], [ -0.3969008, 39.442862 ], [ -0.3968997, 39.4428049 ], [ -0.3968961, 39.4427388 ], [ -0.3968923, 39.4426802 ], [ -0.3968851, 39.4425989 ] ] } },
{ "type": "Feature", "properties": { "element": "way", "id": 118895506, "name": "nan", "bridge": "yes", "ford": "nan", "highway": "cycleway" }, "geometry": { "type": "LineString", "coordinates": [ [ -0.3831937, 39.4460982 ], [ -0.3835785, 39.4461479 ], [ -0.3843674, 39.4463308 ] ] } },
{ "type": "Feature", "properties": { "element": "way", "id": 118895519, "name": "nan", "bridge": "yes", "ford": "nan", "highway": "service" }, "geometry": { "type": "LineString", "coordinates": [ [ -0.3832156, 39.4460304 ], [ -0.3842992, 39.4461354 ], [ -0.384428, 39.446165 ] ] } },
{ "type": "Feature", "properties": { "element": "way", "id": 119311243, "name": "nan", "bridge": "yes", "ford": "nan", "highway": "cycleway" }, "geometry": { "type": "LineString", "coordinates": [ [ -0.402172, 39.5038061 ], [ -0.4024431, 39.503877 ], [ -0.4026046, 39.5039176 ], [ -0.4029171, 39.5039834 ], [ -0.4030739, 39.504011 ], [ -0.4032337, 39.5040363 ], [ -0.4034369, 39.50406 ], [ -0.4036379, 39.5040801 ] ] } },
{ "type": "Feature", "properties": { "element": "way", "id": 119311836, "name": "Pont de Fusta", "bridge": "yes", "ford": "nan", "highway": "secondary" }, "geometry": { "type": "LineString", "coordinates": [ [ -0.3736705, 39.4804194 ], [ -0.3744798, 39.4794001 ], [ -0.3745105, 39.4793563 ], [ -0.3745395, 39.4792918 ], [ -0.3745529, 39.4792555 ], [ -0.3745602, 39.4792059 ] ] } },
{ "type": "Feature", "properties": { "element": "way", "id": 119311837, "name": "Pont del Cuc de Llum", "bridge": "yes", "ford": "nan", "highway": "pedestrian" }, "geometry": { "type": "LineString", "coordinates": [ [ -0.337872, 39.4547124 ], [ -0.3376942, 39.4538796 ] ] } },
{ "type": "Feature", "properties": { "element": "way", "id": 119438739, "name": "nan", "bridge": "yes", "ford": "nan", "highway": "cycleway" }, "geometry": { "type": "LineString", "coordinates": [ [ -0.3675682, 39.4804704 ], [ -0.3675052, 39.4804831 ], [ -0.3674198, 39.4804767 ] ] } },
{ "type": "Feature", "properties": { "element": "way", "id": 122106715, "name": "Carril bici AVE l'Horta Sud", "bridge": "yes", "ford": "nan", "highway": "cycleway" }, "geometry": { "type": "LineString", "coordinates": [ [ -0.4522359, 39.4258183 ], [ -0.4520776, 39.4249111 ] ] } },
{ "type": "Feature", "properties": { "element": "way", "id": 122106717, "name": "Carril Bici Picanya-Torrent", "bridge": "yes", "ford": "nan", "highway": "cycleway" }, "geometry": { "type": "LineString", "coordinates": [ [ -0.4457147, 39.4349592 ], [ -0.4451829, 39.4348567 ] ] } },
{ "type": "Feature", "properties": { "element": "way", "id": 124669444, "name": "Carretera de Torrente a Picassent", "bridge": "yes", "ford": "nan", "highway": "tertiary" }, "geometry": { "type": "LineString", "coordinates": [ [ -0.4611515, 39.3759403 ], [ -0.4611429, 39.3753008 ] ] } },
{ "type": "Feature", "properties": { "element": "way", "id": 128112081, "name": "nan", "bridge": "yes", "ford": "nan", "highway": "tertiary" }, "geometry": { "type": "LineString", "coordinates": [ [ -0.4277268, 39.3671597 ], [ -0.4284278, 39.3671828 ], [ -0.4288915, 39.3671607 ], [ -0.4302176, 39.3670527 ] ] } },
{ "type": "Feature", "properties": { "element": "way", "id": 128112085, "name": "Camí de Santa Anna", "bridge": "yes", "ford": "nan", "highway": "tertiary" }, "geometry": { "type": "LineString", "coordinates": [ [ -0.4408074, 39.3957645 ], [ -0.440041, 39.396124 ] ] } },
{ "type": "Feature", "properties": { "element": "way", "id": 128112089, "name": "Camí d'Albal a Alcàsser", "bridge": "yes", "ford": "nan", "highway": "tertiary" }, "geometry": { "type": "LineString", "coordinates": [ [ -0.4344315, 39.3890405 ], [ -0.4351542, 39.3887029 ] ] } },
{ "type": "Feature", "properties": { "element": "way", "id": 128112094, "name": "Línea de Alta Velocidad Valencia-Alicante", "bridge": "yes", "ford": "nan", "highway": "nan" }, "geometry": { "type": "LineString", "coordinates": [ [ -0.4502227, 39.426948 ], [ -0.4502332, 39.4258597 ] ] } },
{ "type": "Feature", "properties": { "element": "way", "id": 128112096, "name": "Línea de Alta Velocidad Valencia-Alicante", "bridge": "yes", "ford": "nan", "highway": "nan" }, "geometry": { "type": "LineString", "coordinates": [ [ -0.4482074, 39.4366094 ], [ -0.4484499, 39.4362273 ] ] } },
{ "type": "Feature", "properties": { "element": "way", "id": 128112098, "name": "Línea de Alta Velocidad Valencia-Alicante", "bridge": "yes", "ford": "nan", "highway": "nan" }, "geometry": { "type": "LineString", "coordinates": [ [ -0.4501737, 39.4258554 ], [ -0.4501645, 39.426949 ] ] } },
{ "type": "Feature", "properties": { "element": "way", "id": 128112103, "name": "Línea de Alta Velocidad Valencia-Alicante", "bridge": "yes", "ford": "nan", "highway": "nan" }, "geometry": { "type": "LineString", "coordinates": [ [ -0.448789, 39.435681 ], [ -0.4490322, 39.4351896 ] ] } },
{ "type": "Feature", "properties": { "element": "way", "id": 128112106, "name": "Línea de Alta Velocidad Valencia-Alicante", "bridge": "yes", "ford": "nan", "highway": "nan" }, "geometry": { "type": "LineString", "coordinates": [ [ -0.448975, 39.435177 ], [ -0.4487194, 39.4356666 ] ] } },
{ "type": "Feature", "properties": { "element": "way", "id": 128112112, "name": "Línea de Alta Velocidad Valencia-Alicante", "bridge": "yes", "ford": "nan", "highway": "nan" }, "geometry": { "type": "LineString", "coordinates": [ [ -0.450123, 39.4315047 ], [ -0.4501431, 39.4312651 ] ] } },
{ "type": "Feature", "properties": { "element": "way", "id": 128112113, "name": "Línea de Alta Velocidad Valencia-Alicante", "bridge": "yes", "ford": "nan", "highway": "nan" }, "geometry": { "type": "LineString", "coordinates": [ [ -0.4502451, 39.4244705 ], [ -0.4502617, 39.4235676 ] ] } },
{ "type": "Feature", "properties": { "element": "way", "id": 128112114, "name": "Línea de Alta Velocidad Valencia-Alicante", "bridge": "yes", "ford": "nan", "highway": "nan" }, "geometry": { "type": "LineString", "coordinates": [ [ -0.4502031, 39.4235662 ], [ -0.4501873, 39.4244691 ] ] } },
{ "type": "Feature", "properties": { "element": "way", "id": 128112115, "name": "Línea de Alta Velocidad Valencia-Alicante", "bridge": "yes", "ford": "nan", "highway": "nan" }, "geometry": { "type": "LineString", "coordinates": [ [ -0.445938, 39.4392858 ], [ -0.4450367, 39.4401184 ] ] } },
{ "type": "Feature", "properties": { "element": "way", "id": 128112116, "name": "Línea de Alta Velocidad Valencia-Alicante", "bridge": "yes", "ford": "nan", "highway": "nan" }, "geometry": { "type": "LineString", "coordinates": [ [ -0.4483957, 39.436205 ], [ -0.4481523, 39.4365884 ] ] } },
{ "type": "Feature", "properties": { "element": "way", "id": 128112117, "name": "Línea de Alta Velocidad Valencia-Alicante", "bridge": "yes", "ford": "nan", "highway": "nan" }, "geometry": { "type": "LineString", "coordinates": [ [ -0.4443878, 39.4406794 ], [ -0.4436312, 39.4412484 ] ] } },
{ "type": "Feature", "properties": { "element": "way", "id": 128112118, "name": "Línea de Alta Velocidad Valencia-Alicante", "bridge": "yes", "ford": "nan", "highway": "nan" }, "geometry": { "type": "LineString", "coordinates": [ [ -0.4500823, 39.4312611 ], [ -0.4500618, 39.4315013 ] ] } },
{ "type": "Feature", "properties": { "element": "way", "id": 128112119, "name": "Línea de Alta Velocidad Valencia-Alicante", "bridge": "yes", "ford": "nan", "highway": "nan" }, "geometry": { "type": "LineString", "coordinates": [ [ -0.4320766, 39.3519324 ], [ -0.4320358, 39.3512538 ], [ -0.4319201, 39.3503632 ] ] } },
{ "type": "Feature", "properties": { "element": "way", "id": 128112120, "name": "Línea de Alta Velocidad Valencia-Alicante", "bridge": "yes", "ford": "nan", "highway": "nan" }, "geometry": { "type": "LineString", "coordinates": [ [ -0.4318539, 39.3503296 ], [ -0.4318862, 39.3505901 ], [ -0.4319677, 39.3512483 ], [ -0.432027, 39.351931 ] ] } },
{ "type": "Feature", "properties": { "element": "way", "id": 128112141, "name": "nan", "bridge": "yes", "ford": "nan", "highway": "unclassified" }, "geometry": { "type": "LineString", "coordinates": [ [ -0.4278989, 39.3738494 ], [ -0.427161, 39.3738805 ] ] } },
{ "type": "Feature", "properties": { "element": "way", "id": 128112146, "name": "nan", "bridge": "yes", "ford": "nan", "highway": "unclassified" }, "geometry": { "type": "LineString", "coordinates": [ [ -0.4438263, 39.4017214 ], [ -0.444612, 39.4014345 ] ] } },
{ "type": "Feature", "properties": { "element": "way", "id": 128112151, "name": "nan", "bridge": "yes", "ford": "nan", "highway": "trunk" }, "geometry": { "type": "LineString", "coordinates": [ [ -0.4287834, 39.364544 ], [ -0.4289169, 39.3645975 ], [ -0.4290286, 39.3646153 ], [ -0.4291496, 39.3646201 ], [ -0.4292801, 39.3645982 ] ] } },
{ "type": "Feature", "properties": { "element": "way", "id": 128112153, "name": "nan", "bridge": "yes", "ford": "nan", "highway": "trunk" }, "geometry": { "type": "LineString", "coordinates": [ [ -0.4295726, 39.3639049 ], [ -0.429483, 39.3638293 ], [ -0.4293794, 39.3637752 ], [ -0.4292569, 39.3637384 ], [ -0.4291242, 39.3637221 ] ] } },
{ "type": "Feature", "properties": { "element": "way", "id": 128112165, "name": "nan", "bridge": "yes", "ford": "nan", "highway": "nan" }, "geometry": { "type": "LineString", "coordinates": [ [ -0.4499788, 39.4312544 ], [ -0.4499547, 39.4314955 ] ] } },
{ "type": "Feature", "properties": { "element": "way", "id": 128112166, "name": "nan", "bridge": "yes", "ford": "nan", "highway": "nan" }, "geometry": { "type": "LineString", "coordinates": [ [ -0.4483016, 39.4361663 ], [ -0.4480616, 39.4365539 ] ] } },
{ "type": "Feature", "properties": { "element": "way", "id": 128112167, "name": "nan", "bridge": "yes", "ford": "nan", "highway": "nan" }, "geometry": { "type": "LineString", "coordinates": [ [ -0.4500946, 39.4235729 ], [ -0.4500871, 39.4244617 ] ] } },
{ "type": "Feature", "properties": { "element": "way", "id": 128112169, "name": "nan", "bridge": "yes", "ford": "nan", "highway": "nan" }, "geometry": { "type": "LineString", "coordinates": [ [ -0.4500676, 39.4258655 ], [ -0.4500496, 39.4269475 ] ] } },
{ "type": "Feature", "properties": { "element": "way", "id": 128112172, "name": "nan", "bridge": "yes", "ford": "nan", "highway": "nan" }, "geometry": { "type": "LineString", "coordinates": [ [ -0.448861, 39.4351518 ], [ -0.4486046, 39.435645 ] ] } },
{ "type": "Feature", "properties": { "element": "way", "id": 128112173, "name": "nan", "bridge": "yes", "ford": "nan", "highway": "nan" }, "geometry": { "type": "LineString", "coordinates": [ [ -0.4317367, 39.3502854 ], [ -0.431762, 39.3504882 ], [ -0.4318558, 39.3512394 ], [ -0.4319078, 39.3519276 ] ] } },
{ "type": "Feature", "properties": { "element": "way", "id": 128213276, "name": "300 - Madrid Chamartín - València Estació del Nord", "bridge": "yes", "ford": "nan", "highway": "nan" }, "geometry": { "type": "LineString", "coordinates": [ [ -0.3857792, 39.4407401 ], [ -0.3857349, 39.4408617 ] ] } },
{ "type": "Feature", "properties": { "element": "way", "id": 128213291, "name": "300 - Madrid Chamartín - València Estació del Nord", "bridge": "yes", "ford": "nan", "highway": "nan" }, "geometry": { "type": "LineString", "coordinates": [ [ -0.3856935, 39.4408552 ], [ -0.3857353, 39.4407303 ] ] } },
{ "type": "Feature", "properties": { "element": "way", "id": 128213292, "name": "304 - Alfafar Benetússer - València Font de Sant Lluís aguja km 1,3", "bridge": "yes", "ford": "nan", "highway": "nan" }, "geometry": { "type": "LineString", "coordinates": [ [ -0.3871569, 39.4361197 ], [ -0.3864901, 39.4382204 ] ] } },
{ "type": "Feature", "properties": { "element": "way", "id": 128213295, "name": "304 - Alfafar Benetússer - València Font de Sant Lluís aguja km 1,3", "bridge": "yes", "ford": "nan", "highway": "nan" }, "geometry": { "type": "LineString", "coordinates": [ [ -0.3853591, 39.4406511 ], [ -0.3852964, 39.4407173 ], [ -0.3852287, 39.4407825 ] ] } },
{ "type": "Feature", "properties": { "element": "way", "id": 128213296, "name": "nan", "bridge": "yes", "ford": "nan", "highway": "nan" }, "geometry": { "type": "LineString", "coordinates": [ [ -0.4083383, 39.4448275 ], [ -0.4081228, 39.4448148 ], [ -0.4078297, 39.4448018 ], [ -0.407486, 39.4447885 ], [ -0.4033494, 39.4446445 ], [ -0.4029485, 39.4446281 ], [ -0.4026767, 39.4446128 ], [ -0.4023912, 39.4445898 ], [ -0.4021629, 39.4445686 ], [ -0.4019236, 39.4445427 ], [ -0.4017348, 39.4445194 ] ] } },
{ "type": "Feature", "properties": { "element": "way", "id": 128213973, "name": "Línea de Alta Velocidad Valencia-Alicante", "bridge": "yes", "ford": "nan", "highway": "nan" }, "geometry": { "type": "LineString", "coordinates": [ [ -0.4190937, 39.446466 ], [ -0.4171883, 39.4462215 ] ] } },
{ "type": "Feature", "properties": { "element": "way", "id": 140458177, "name": "Aranjuez - València Nord", "bridge": "yes", "ford": "nan", "highway": "nan" }, "geometry": { "type": "LineString", "coordinates": [ [ -0.403976, 39.4497952 ], [ -0.4038031, 39.449566 ] ] } },
{ "type": "Feature", "properties": { "element": "way", "id": 142662215, "name": "nan", "bridge": "yes", "ford": "nan", "highway": "footway" }, "geometry": { "type": "LineString", "coordinates": [ [ -0.4088371, 39.4756953 ], [ -0.4089659, 39.4756913 ] ] } },
{ "type": "Feature", "properties": { "element": "way", "id": 142662216, "name": "nan", "bridge": "yes", "ford": "nan", "highway": "footway" }, "geometry": { "type": "LineString", "coordinates": [ [ -0.4093227, 39.4789545 ], [ -0.4092579, 39.4789559 ] ] } },
{ "type": "Feature", "properties": { "element": "way", "id": 142662222, "name": "nan", "bridge": "yes", "ford": "nan", "highway": "footway" }, "geometry": { "type": "LineString", "coordinates": [ [ -0.4087345, 39.47743 ], [ -0.408833, 39.477417 ] ] } },
{ "type": "Feature", "properties": { "element": "way", "id": 142798580, "name": "Accés oest a Quart de Poblet i est a Mislata", "bridge": "yes", "ford": "nan", "highway": "secondary" }, "geometry": { "type": "LineString", "coordinates": [ [ -0.4291819, 39.4822039 ], [ -0.4292901, 39.4822454 ], [ -0.4294042, 39.4822778 ], [ -0.4295724, 39.4823068 ], [ -0.429723, 39.4823165 ] ] } },
{ "type": "Feature", "properties": { "element": "way", "id": 142798584, "name": "Accés oest a Quart de Poblet i est a Mislata", "bridge": "yes", "ford": "nan", "highway": "secondary" }, "geometry": { "type": "LineString", "coordinates": [ [ -0.430859, 39.4832005 ], [ -0.4303314, 39.4832105 ] ] } },
{ "type": "Feature", "properties": { "element": "way", "id": 142892543, "name": "nan", "bridge": "yes", "ford": "nan", "highway": "footway" }, "geometry": { "type": "LineString", "coordinates": [ [ -0.4317674, 39.5063652 ], [ -0.4320732, 39.5063942 ], [ -0.4327585, 39.506131 ], [ -0.432957, 39.5064828 ] ] } },
{ "type": "Feature", "properties": { "element": "way", "id": 143064337, "name": "nan", "bridge": "yes", "ford": "nan", "highway": "footway" }, "geometry": { "type": "LineString", "coordinates": [ [ -0.3539341, 39.4589771 ], [ -0.3539072, 39.4590502 ] ] } },
{ "type": "Feature", "properties": { "element": "way", "id": 143076757, "name": "nan", "bridge": "yes", "ford": "nan", "highway": "footway" }, "geometry": { "type": "LineString", "coordinates": [ [ -0.3497636, 39.455881 ], [ -0.3496803, 39.4559548 ] ] } },
{ "type": "Feature", "properties": { "element": "way", "id": 143076761, "name": "nan", "bridge": "yes", "ford": "nan", "highway": "footway" }, "geometry": { "type": "LineString", "coordinates": [ [ -0.351728, 39.4572969 ], [ -0.3516073, 39.4574 ] ] } },
{ "type": "Feature", "properties": { "element": "way", "id": 143076770, "name": "nan", "bridge": "yes", "ford": "nan", "highway": "footway" }, "geometry": { "type": "LineString", "coordinates": [ [ -0.3507785, 39.4573151 ], [ -0.3508697, 39.4572405 ] ] } },
{ "type": "Feature", "properties": { "element": "way", "id": 143076794, "name": "nan", "bridge": "yes", "ford": "nan", "highway": "footway" }, "geometry": { "type": "LineString", "coordinates": [ [ -0.3530221, 39.4581471 ], [ -0.3529673, 39.4581911 ] ] } },
{ "type": "Feature", "properties": { "element": "way", "id": 143096252, "name": "Pont de l'Assut de l'Or", "bridge": "yes", "ford": "nan", "highway": "primary" }, "geometry": { "type": "LineString", "coordinates": [ [ -0.3482531, 39.4558777 ], [ -0.349099, 39.4553086 ], [ -0.351288, 39.4538361 ] ] } },
{ "type": "Feature", "properties": { "element": "way", "id": 143323719, "name": "nan", "bridge": "yes", "ford": "nan", "highway": "footway" }, "geometry": { "type": "LineString", "coordinates": [ [ -0.409789, 39.47763 ], [ -0.4095486, 39.4777654 ] ] } },
{ "type": "Feature", "properties": { "element": "way", "id": 143323723, "name": "nan", "bridge": "yes", "ford": "nan", "highway": "footway" }, "geometry": { "type": "LineString", "coordinates": [ [ -0.4095486, 39.4777654 ], [ -0.4098361, 39.4778241 ] ] } },
{ "type": "Feature", "properties": { "element": "way", "id": 143323725, "name": "nan", "bridge": "yes", "ford": "nan", "highway": "footway" }, "geometry": { "type": "LineString", "coordinates": [ [ -0.4083471, 39.4779427 ], [ -0.4081277, 39.4780686 ] ] } },
{ "type": "Feature", "properties": { "element": "way", "id": 143323726, "name": "nan", "bridge": "yes", "ford": "nan", "highway": "footway" }, "geometry": { "type": "LineString", "coordinates": [ [ -0.4080616, 39.4778792 ], [ -0.4083471, 39.4779427 ] ] } },
{ "type": "Feature", "properties": { "element": "way", "id": 143324057, "name": "nan", "bridge": "yes", "ford": "nan", "highway": "footway" }, "geometry": { "type": "LineString", "coordinates": [ [ -0.4107153, 39.4774062 ], [ -0.4107892, 39.4773556 ] ] } },
{ "type": "Feature", "properties": { "element": "way", "id": 143324058, "name": "nan", "bridge": "yes", "ford": "nan", "highway": "footway" }, "geometry": { "type": "LineString", "coordinates": [ [ -0.4115659, 39.4773879 ], [ -0.4116687, 39.4775157 ] ] } },
{ "type": "Feature", "properties": { "element": "way", "id": 143325409, "name": "nan", "bridge": "yes", "ford": "nan", "highway": "footway" }, "geometry": { "type": "LineString", "coordinates": [ [ -0.4103817, 39.4786324 ], [ -0.4103507, 39.4785946 ] ] } },
{ "type": "Feature", "properties": { "element": "way", "id": 143825832, "name": "nan", "bridge": "yes", "ford": "nan", "highway": "nan" }, "geometry": { "type": "LineString", "coordinates": [ [ -0.4738849, 39.3521818 ], [ -0.473791, 39.3525671 ] ] } },
{ "type": "Feature", "properties": { "element": "way", "id": 143825835, "name": "nan", "bridge": "yes", "ford": "nan", "highway": "nan" }, "geometry": { "type": "LineString", "coordinates": [ [ -0.467567, 39.3676964 ], [ -0.4677211, 39.3679076 ] ] } },
{ "type": "Feature", "properties": { "element": "way", "id": 143832810, "name": "nan", "bridge": "yes", "ford": "nan", "highway": "nan" }, "geometry": { "type": "LineString", "coordinates": [ [ -0.4457534, 39.4349207 ], [ -0.4451907, 39.4348044 ] ] } },
{ "type": "Feature", "properties": { "element": "way", "id": 143832816, "name": "nan", "bridge": "yes", "ford": "nan", "highway": "tertiary" }, "geometry": { "type": "LineString", "coordinates": [ [ -0.4431241, 39.4345817 ], [ -0.443151, 39.4343595 ], [ -0.4432026, 39.433993 ] ] } },
{ "type": "Feature", "properties": { "element": "way", "id": 143832821, "name": "Carril bici AVE l'Horta Sud", "bridge": "yes", "ford": "nan", "highway": "cycleway" }, "geometry": { "type": "LineString", "coordinates": [ [ -0.4489681, 39.4357955 ], [ -0.4492587, 39.4351099 ] ] } },
{ "type": "Feature", "properties": { "element": "way", "id": 146378159, "name": "Pont del Real", "bridge": "yes", "ford": "nan", "highway": "primary" }, "geometry": { "type": "LineString", "coordinates": [ [ -0.3693709, 39.4757447 ], [ -0.3693554, 39.4757615 ], [ -0.3681682, 39.4768944 ] ] } },
{ "type": "Feature", "properties": { "element": "way", "id": 148497237, "name": "nan", "bridge": "yes", "ford": "nan", "highway": "tertiary" }, "geometry": { "type": "LineString", "coordinates": [ [ -0.3993382, 39.3825441 ], [ -0.3996494, 39.3820838 ] ] } },
{ "type": "Feature", "properties": { "element": "way", "id": 148497244, "name": "Camí del Polió", "bridge": "yes", "ford": "nan", "highway": "unclassified" }, "geometry": { "type": "LineString", "coordinates": [ [ -0.4201895, 39.3834977 ], [ -0.419932, 39.3831577 ] ] } },
{ "type": "Feature", "properties": { "element": "way", "id": 148883598, "name": "Línea de Alta Velocidad Valencia-Alicante", "bridge": "yes", "ford": "nan", "highway": "nan" }, "geometry": { "type": "LineString", "coordinates": [ [ -0.4305319, 39.3828713 ], [ -0.4306646, 39.3830927 ], [ -0.431049, 39.3837151 ], [ -0.4312882, 39.3840758 ] ] } },
{ "type": "Feature", "properties": { "element": "way", "id": 148883606, "name": "Carril bici AVE l'Horta Sud", "bridge": "yes", "ford": "nan", "highway": "cycleway" }, "geometry": { "type": "LineString", "coordinates": [ [ -0.4315359, 39.3840506 ], [ -0.4308857, 39.3830141 ] ] } },
{ "type": "Feature", "properties": { "element": "way", "id": 148883609, "name": "Línea de Alta Velocidad Valencia-Alicante", "bridge": "yes", "ford": "nan", "highway": "nan" }, "geometry": { "type": "LineString", "coordinates": [ [ -0.4313389, 39.3840552 ], [ -0.4310974, 39.3836935 ], [ -0.430716, 39.3830833 ], [ -0.4305789, 39.3828518 ] ] } },
{ "type": "Feature", "properties": { "element": "way", "id": 148883610, "name": "nan", "bridge": "yes", "ford": "nan", "highway": "nan" }, "geometry": { "type": "LineString", "coordinates": [ [ -0.4303245, 39.382712 ], [ -0.4305594, 39.3831119 ], [ -0.4309577, 39.3837558 ], [ -0.4310529, 39.3839014 ] ] } },
{ "type": "Feature", "properties": { "element": "way", "id": 149052746, "name": "Torrent_Pantà", "bridge": "yes", "ford": "nan", "highway": "cycleway" }, "geometry": { "type": "LineString", "coordinates": [ [ -0.4842889, 39.4338564 ], [ -0.4847304, 39.4344534 ] ] } },
{ "type": "Feature", "properties": { "element": "way", "id": 149052759, "name": "nan", "bridge": "yes", "ford": "nan", "highway": "tertiary" }, "geometry": { "type": "LineString", "coordinates": [ [ -0.4846502, 39.4344936 ], [ -0.4842104, 39.4338843 ] ] } },
{ "type": "Feature", "properties": { "element": "way", "id": 149124247, "name": "nan", "bridge": "yes", "ford": "nan", "highway": "cycleway" }, "geometry": { "type": "LineString", "coordinates": [ [ -0.4606184, 39.4296797 ], [ -0.4611253, 39.429659 ] ] } },
{ "type": "Feature", "properties": { "element": "way", "id": 149124293, "name": "Ronda del Safranar", "bridge": "yes", "ford": "nan", "highway": "tertiary" }, "geometry": { "type": "LineString", "coordinates": [ [ -0.4610958, 39.4295595 ], [ -0.4606667, 39.4295719 ] ] } },
{ "type": "Feature", "properties": { "element": "way", "id": 149124313, "name": "Ronda del Safranar", "bridge": "yes", "ford": "nan", "highway": "tertiary" }, "geometry": { "type": "LineString", "coordinates": [ [ -0.4606828, 39.429632 ], [ -0.46112, 39.4296155 ] ] } },
{ "type": "Feature", "properties": { "element": "way", "id": 149128122, "name": "Carretera del Mas del Jutge", "bridge": "yes", "ford": "nan", "highway": "tertiary" }, "geometry": { "type": "LineString", "coordinates": [ [ -0.4716348, 39.438582 ], [ -0.4717394, 39.4385752 ], [ -0.4726519, 39.4385155 ] ] } },
{ "type": "Feature", "properties": { "element": "way", "id": 149269843, "name": "nan", "bridge": "yes", "ford": "nan", "highway": "unclassified" }, "geometry": { "type": "LineString", "coordinates": [ [ -0.4768557, 39.3992553 ], [ -0.4769098, 39.3994429 ] ] } },
{ "type": "Feature", "properties": { "element": "way", "id": 149386320, "name": "nan", "bridge": "yes", "ford": "nan", "highway": "unclassified" }, "geometry": { "type": "LineString", "coordinates": [ [ -0.4801425, 39.3905081 ], [ -0.4804104, 39.3903987 ] ] } },
{ "type": "Feature", "properties": { "element": "way", "id": 149769189, "name": "nan", "bridge": "yes", "ford": "nan", "highway": "motorway" }, "geometry": { "type": "LineString", "coordinates": [ [ -0.3258528, 39.5017451 ], [ -0.3258775, 39.5022131 ] ] } },
{ "type": "Feature", "properties": { "element": "way", "id": 149769194, "name": "nan", "bridge": "yes", "ford": "nan", "highway": "motorway" }, "geometry": { "type": "LineString", "coordinates": [ [ -0.326079, 39.5022089 ], [ -0.3260428, 39.5017371 ] ] } },
{ "type": "Feature", "properties": { "element": "way", "id": 150055242, "name": "nan", "bridge": "yes", "ford": "nan", "highway": "construction" }, "geometry": { "type": "LineString", "coordinates": [ [ -0.4707874, 39.4934669 ], [ -0.4712257, 39.4934266 ] ] } },
{ "type": "Feature", "properties": { "element": "way", "id": 150055263, "name": "nan", "bridge": "yes", "ford": "nan", "highway": "trunk_link" }, "geometry": { "type": "LineString", "coordinates": [ [ -0.4710069, 39.4915237 ], [ -0.4704952, 39.491533 ] ] } },
{ "type": "Feature", "properties": { "element": "way", "id": 150061362, "name": "Carrer Terrisser", "bridge": "yes", "ford": "nan", "highway": "residential" }, "geometry": { "type": "LineString", "coordinates": [ [ -0.4640764, 39.487723 ], [ -0.4638147, 39.4882058 ] ] } },
{ "type": "Feature", "properties": { "element": "way", "id": 150797588, "name": "Passeig Marítim", "bridge": "yes", "ford": "nan", "highway": "pedestrian" }, "geometry": { "type": "LineString", "coordinates": [ [ -0.3245103, 39.4843256 ], [ -0.3244871, 39.4837781 ] ] } },
{ "type": "Feature", "properties": { "element": "way", "id": 150802327, "name": "nan", "bridge": "yes", "ford": "nan", "highway": "footway" }, "geometry": { "type": "LineString", "coordinates": [ [ -0.3928061, 39.4874725 ], [ -0.3924908, 39.4871742 ] ] } },
{ "type": "Feature", "properties": { "element": "way", "id": 151432246, "name": "nan", "bridge": "yes", "ford": "nan", "highway": "footway" }, "geometry": { "type": "LineString", "coordinates": [ [ -0.4032646, 39.4748654 ], [ -0.4028456, 39.4743068 ] ] } },
{ "type": "Feature", "properties": { "element": "way", "id": 151482870, "name": "Avinguda del Sud", "bridge": "yes", "ford": "nan", "highway": "tertiary" }, "geometry": { "type": "LineString", "coordinates": [ [ -0.4594677, 39.3577923 ], [ -0.4598486, 39.3578856 ], [ -0.46009, 39.3579582 ] ] } },
{ "type": "Feature", "properties": { "element": "way", "id": 151482895, "name": "Avinguda del Sud", "bridge": "yes", "ford": "nan", "highway": "tertiary" }, "geometry": { "type": "LineString", "coordinates": [ [ -0.4601329, 39.3579063 ], [ -0.4594764, 39.3577401 ] ] } },
{ "type": "Feature", "properties": { "element": "way", "id": 151525021, "name": "Camí del Devadillo", "bridge": "yes", "ford": "nan", "highway": "unclassified" }, "geometry": { "type": "LineString", "coordinates": [ [ -0.4794134, 39.3528805 ], [ -0.4795951, 39.3531112 ] ] } },
{ "type": "Feature", "properties": { "element": "way", "id": 151534122, "name": "nan", "bridge": "yes", "ford": "nan", "highway": "unclassified" }, "geometry": { "type": "LineString", "coordinates": [ [ -0.4408855, 39.3594327 ], [ -0.4414112, 39.3589909 ] ] } },
{ "type": "Feature", "properties": { "element": "way", "id": 151632237, "name": "nan", "bridge": "yes", "ford": "nan", "highway": "unclassified" }, "geometry": { "type": "LineString", "coordinates": [ [ -0.4296083, 39.3637835 ], [ -0.4294699, 39.3637054 ], [ -0.4293288, 39.3636515 ], [ -0.4291963, 39.3636258 ] ] } },
{ "type": "Feature", "properties": { "element": "way", "id": 153544285, "name": "Camí del Realó", "bridge": "yes", "ford": "nan", "highway": "unclassified" }, "geometry": { "type": "LineString", "coordinates": [ [ -0.4677934, 39.3678975 ], [ -0.4676486, 39.3676862 ] ] } },
{ "type": "Feature", "properties": { "element": "way", "id": 153544318, "name": "nan", "bridge": "yes", "ford": "nan", "highway": "residential" }, "geometry": { "type": "LineString", "coordinates": [ [ -0.4736608, 39.3699554 ], [ -0.4737706, 39.3699369 ] ] } },
{ "type": "Feature", "properties": { "element": "way", "id": 153552796, "name": "nan", "bridge": "yes", "ford": "nan", "highway": "unclassified" }, "geometry": { "type": "LineString", "coordinates": [ [ -0.4750032, 39.3575454 ], [ -0.4752395, 39.35762 ] ] } },
{ "type": "Feature", "properties": { "element": "way", "id": 153627991, "name": "Carretera del Pla de Quart", "bridge": "yes", "ford": "nan", "highway": "secondary" }, "geometry": { "type": "LineString", "coordinates": [ [ -0.4996792, 39.4509989 ], [ -0.4989647, 39.4511461 ] ] } },
{ "type": "Feature", "properties": { "element": "way", "id": 153955669, "name": "nan", "bridge": "yes", "ford": "nan", "highway": "footway" }, "geometry": { "type": "LineString", "coordinates": [ [ -0.3255349, 39.4567207 ], [ -0.3253993, 39.4566314 ], [ -0.3256298, 39.4564114 ] ] } },
{ "type": "Feature", "properties": { "element": "way", "id": 153955670, "name": "nan", "bridge": "yes", "ford": "nan", "highway": "footway" }, "geometry": { "type": "LineString", "coordinates": [ [ -0.3254477, 39.4547201 ], [ -0.3253873, 39.4548339 ], [ -0.3250451, 39.4547238 ] ] } },
{ "type": "Feature", "properties": { "element": "way", "id": 153955671, "name": "nan", "bridge": "yes", "ford": "nan", "highway": "footway" }, "geometry": { "type": "LineString", "coordinates": [ [ -0.3266755, 39.4549927 ], [ -0.3265174, 39.4550452 ], [ -0.3264829, 39.4550465 ], [ -0.3254477, 39.4547201 ], [ -0.3247595, 39.4545027 ] ] } },
{ "type": "Feature", "properties": { "element": "way", "id": 153955672, "name": "nan", "bridge": "yes", "ford": "nan", "highway": "footway" }, "geometry": { "type": "LineString", "coordinates": [ [ -0.3268044, 39.4550871 ], [ -0.3267933, 39.4551169 ], [ -0.3268198, 39.4551542 ], [ -0.3268675, 39.4551687 ], [ -0.3269221, 39.4553372 ], [ -0.3268562, 39.4554532 ], [ -0.3255349, 39.4567207 ], [ -0.3254185, 39.4568324 ] ] } },
{ "type": "Feature", "properties": { "element": "way", "id": 154742042, "name": "Línea de Alta Velocidad Madrid - Cuenca - Valencia", "bridge": "yes", "ford": "nan", "highway": "nan" }, "geometry": { "type": "LineString", "coordinates": [ [ -0.4296855, 39.4480987 ], [ -0.4298734, 39.4481473 ] ] } },
{ "type": "Feature", "properties": { "element": "way", "id": 154742055, "name": "Línea de Alta Velocidad Madrid - Cuenca - Valencia", "bridge": "yes", "ford": "nan", "highway": "nan" }, "geometry": { "type": "LineString", "coordinates": [ [ -0.4298616, 39.4480917 ], [ -0.4296638, 39.4480416 ] ] } },
{ "type": "Feature", "properties": { "element": "way", "id": 155002513, "name": "nan", "bridge": "yes", "ford": "nan", "highway": "path" }, "geometry": { "type": "LineString", "coordinates": [ [ -0.4992499, 39.5111825 ], [ -0.4992094, 39.5112724 ] ] } },
{ "type": "Feature", "properties": { "element": "way", "id": 155185862, "name": "nan", "bridge": "yes", "ford": "nan", "highway": "unclassified" }, "geometry": { "type": "LineString", "coordinates": [ [ -0.4844717, 39.3770127 ], [ -0.4841066, 39.3769667 ] ] } },
{ "type": "Feature", "properties": { "element": "way", "id": 155185883, "name": "nan", "bridge": "yes", "ford": "nan", "highway": "unclassified" }, "geometry": { "type": "LineString", "coordinates": [ [ -0.4858312, 39.3820422 ], [ -0.4855601, 39.3818765 ] ] } },
{ "type": "Feature", "properties": { "element": "way", "id": 165501839, "name": "Avinguda de Peris i Valero", "bridge": "yes", "ford": "nan", "highway": "primary" }, "geometry": { "type": "LineString", "coordinates": [ [ -0.3806619, 39.4552651 ], [ -0.3804473, 39.4552475 ], [ -0.3802624, 39.4552432 ], [ -0.3800394, 39.4552521 ], [ -0.3798326, 39.4552783 ], [ -0.379555, 39.4553297 ], [ -0.3791766, 39.455449 ], [ -0.3779922, 39.4559368 ] ] } },
{ "type": "Feature", "properties": { "element": "way", "id": 165993611, "name": "Carril Bici València - Picanya", "bridge": "yes", "ford": "nan", "highway": "cycleway" }, "geometry": { "type": "LineString", "coordinates": [ [ -0.408547, 39.4529622 ], [ -0.4109154, 39.4511988 ] ] } },
{ "type": "Feature", "properties": { "element": "way", "id": 167089932, "name": "Carril Bici Picanya - Barranc de Xiva", "bridge": "yes", "ford": "nan", "highway": "cycleway" }, "geometry": { "type": "LineString", "coordinates": [ [ -0.4271806, 39.4359485 ], [ -0.4272, 39.4358391 ] ] } },
{ "type": "Feature", "properties": { "element": "way", "id": 168408785, "name": "nan", "bridge": "yes", "ford": "nan", "highway": "footway" }, "geometry": { "type": "LineString", "coordinates": [ [ -0.3400907, 39.4245731 ], [ -0.3401127, 39.4244637 ] ] } },
{ "type": "Feature", "properties": { "element": "way", "id": 168408787, "name": "nan", "bridge": "yes", "ford": "nan", "highway": "residential" }, "geometry": { "type": "LineString", "coordinates": [ [ -0.3393458, 39.4243726 ], [ -0.3391768, 39.4245078 ] ] } },
{ "type": "Feature", "properties": { "element": "way", "id": 168979749, "name": "nan", "bridge": "yes", "ford": "nan", "highway": "footway" }, "geometry": { "type": "LineString", "coordinates": [ [ -0.3835536, 39.5173648 ], [ -0.383564, 39.5173548 ], [ -0.383741, 39.5171727 ] ] } },
{ "type": "Feature", "properties": { "element": "way", "id": 168996172, "name": "nan", "bridge": "yes", "ford": "nan", "highway": "footway" }, "geometry": { "type": "LineString", "coordinates": [ [ -0.3743345, 39.5106361 ], [ -0.3744062, 39.5104281 ], [ -0.3744105, 39.5104156 ] ] } },
{ "type": "Feature", "properties": { "element": "way", "id": 169024045, "name": "Entrada del Molí dels Canyars", "bridge": "yes", "ford": "nan", "highway": "unclassified" }, "geometry": { "type": "LineString", "coordinates": [ [ -0.3684434, 39.5117497 ], [ -0.3683745, 39.5116472 ] ] } },
{ "type": "Feature", "properties": { "element": "way", "id": 169317559, "name": "Carril Bici Camí de Benetússer de Torrent", "bridge": "yes", "ford": "nan", "highway": "cycleway" }, "geometry": { "type": "LineString", "coordinates": [ [ -0.4430688, 39.4345718 ], [ -0.4431373, 39.4339917 ] ] } },
{ "type": "Feature", "properties": { "element": "way", "id": 171721855, "name": "nan", "bridge": "yes", "ford": "nan", "highway": "footway" }, "geometry": { "type": "LineString", "coordinates": [ [ -0.3714193, 39.4510289 ], [ -0.371507, 39.4511664 ], [ -0.3715248, 39.4511589 ], [ -0.3714048, 39.4509773 ], [ -0.3717292, 39.4508382 ], [ -0.3716027, 39.4506589 ], [ -0.3716188, 39.4506521 ], [ -0.3717183, 39.4507927 ] ] } },
{ "type": "Feature", "properties": { "element": "way", "id": 171721857, "name": "nan", "bridge": "yes", "ford": "nan", "highway": "steps" }, "geometry": { "type": "LineString", "coordinates": [ [ -0.369533, 39.4476445 ], [ -0.3694804, 39.4475294 ] ] } },
{ "type": "Feature", "properties": { "element": "way", "id": 171721861, "name": "nan", "bridge": "yes", "ford": "nan", "highway": "steps" }, "geometry": { "type": "LineString", "coordinates": [ [ -0.3714048, 39.4509773 ], [ -0.3713284, 39.4508698 ] ] } },
{ "type": "Feature", "properties": { "element": "way", "id": 171721865, "name": "nan", "bridge": "yes", "ford": "nan", "highway": "steps" }, "geometry": { "type": "LineString", "coordinates": [ [ -0.3717292, 39.4508382 ], [ -0.3718035, 39.450942 ] ] } },
{ "type": "Feature", "properties": { "element": "way", "id": 171721866, "name": "nan", "bridge": "yes", "ford": "nan", "highway": "steps" }, "geometry": { "type": "LineString", "coordinates": [ [ -0.3691234, 39.4476314 ], [ -0.3691824, 39.447742 ] ] } },
{ "type": "Feature", "properties": { "element": "way", "id": 171721867, "name": "nan", "bridge": "yes", "ford": "nan", "highway": "footway" }, "geometry": { "type": "LineString", "coordinates": [ [ -0.3690951, 39.4476118 ], [ -0.3690119, 39.447438 ], [ -0.3690285, 39.4474332 ], [ -0.3691234, 39.4476314 ], [ -0.3694804, 39.4475294 ], [ -0.3693854, 39.4473311 ], [ -0.3694045, 39.4473257 ], [ -0.3694883, 39.4475007 ] ] } },
{ "type": "Feature", "properties": { "element": "way", "id": 171932335, "name": "Distribuïdor Sud", "bridge": "yes", "ford": "nan", "highway": "trunk" }, "geometry": { "type": "LineString", "coordinates": [ [ -0.4219561, 39.3965168 ], [ -0.4218895, 39.3963792 ] ] } },
{ "type": "Feature", "properties": { "element": "way", "id": 171932338, "name": "Distribuïdor Sud", "bridge": "yes", "ford": "nan", "highway": "trunk" }, "geometry": { "type": "LineString", "coordinates": [ [ -0.4227335, 39.399176 ], [ -0.4227798, 39.3993139 ] ] } },
{ "type": "Feature", "properties": { "element": "way", "id": 175873874, "name": "nan", "bridge": "yes", "ford": "nan", "highway": "track" }, "geometry": { "type": "LineString", "coordinates": [ [ -0.4929102, 39.5105601 ], [ -0.4929263, 39.5106118 ] ] } },
{ "type": "Feature", "properties": { "element": "way", "id": 175873877, "name": "nan", "bridge": "yes", "ford": "nan", "highway": "track" }, "geometry": { "type": "LineString", "coordinates": [ [ -0.4926018, 39.5135352 ], [ -0.492691, 39.5140655 ] ] } },
{ "type": "Feature", "properties": { "element": "way", "id": 175944437, "name": "nan", "bridge": "yes", "ford": "nan", "highway": "cycleway" }, "geometry": { "type": "LineString", "coordinates": [ [ -0.402005, 39.4985046 ], [ -0.4023387, 39.4988953 ] ] } },
{ "type": "Feature", "properties": { "element": "way", "id": 175944438, "name": "nan", "bridge": "yes", "ford": "nan", "highway": "footway" }, "geometry": { "type": "LineString", "coordinates": [ [ -0.4023158, 39.4989088 ], [ -0.4019768, 39.4985174 ] ] } },
{ "type": "Feature", "properties": { "element": "way", "id": 176218320, "name": "Pont de Fusta", "bridge": "yes", "ford": "nan", "highway": "footway" }, "geometry": { "type": "LineString", "coordinates": [ [ -0.3746585, 39.4793917 ], [ -0.3746875, 39.4794078 ], [ -0.3747246, 39.4794284 ], [ -0.3746216, 39.4795553 ], [ -0.3745552, 39.4795189 ] ] } },
{ "type": "Feature", "properties": { "element": "way", "id": 176258785, "name": "Pont del Real", "bridge": "yes", "ford": "nan", "highway": "footway" }, "geometry": { "type": "LineString", "coordinates": [ [ -0.3683003, 39.4770343 ], [ -0.3689502, 39.4764109 ], [ -0.3695105, 39.4758673 ] ] } },
{ "type": "Feature", "properties": { "element": "way", "id": 176258787, "name": "Pont del Real", "bridge": "yes", "ford": "nan", "highway": "footway" }, "geometry": { "type": "LineString", "coordinates": [ [ -0.3693329, 39.4756964 ], [ -0.3693164, 39.4757124 ], [ -0.3681334, 39.4768575 ] ] } },
{ "type": "Feature", "properties": { "element": "way", "id": 177234878, "name": "Avinguda de Fernando Abril Martorell", "bridge": "yes", "ford": "nan", "highway": "primary" }, "geometry": { "type": "LineString", "coordinates": [ [ -0.3837837, 39.4459859 ], [ -0.3842141, 39.4460309 ], [ -0.3844599, 39.4460776 ] ] } },
{ "type": "Feature", "properties": { "element": "way", "id": 177403128, "name": "Autovia del Túria", "bridge": "yes", "ford": "nan", "highway": "trunk" }, "geometry": { "type": "LineString", "coordinates": [ [ -0.4244891, 39.5083881 ], [ -0.424676, 39.5085327 ] ] } },
{ "type": "Feature", "properties": { "element": "way", "id": 177403131, "name": "Autovia del Túria", "bridge": "yes", "ford": "nan", "highway": "trunk" }, "geometry": { "type": "LineString", "coordinates": [ [ -0.4247967, 39.5084432 ], [ -0.4246097, 39.5082988 ] ] } },
{ "type": "Feature", "properties": { "element": "way", "id": 177403412, "name": "Autovia del Túria", "bridge": "yes", "ford": "nan", "highway": "trunk" }, "geometry": { "type": "LineString", "coordinates": [ [ -0.4312014, 39.5148296 ], [ -0.4313974, 39.5152033 ] ] } },
{ "type": "Feature", "properties": { "element": "way", "id": 177403415, "name": "Autovia del Túria", "bridge": "yes", "ford": "nan", "highway": "trunk" }, "geometry": { "type": "LineString", "coordinates": [ [ -0.4315824, 39.5151326 ], [ -0.4314079, 39.5147706 ] ] } },
{ "type": "Feature", "properties": { "element": "way", "id": 177678282, "name": "nan", "bridge": "yes", "ford": "nan", "highway": "path" }, "geometry": { "type": "LineString", "coordinates": [ [ -0.418995, 39.4956881 ], [ -0.4188991, 39.4964757 ] ] } },
{ "type": "Feature", "properties": { "element": "way", "id": 178244122, "name": "nan", "bridge": "yes", "ford": "nan", "highway": "tertiary" }, "geometry": { "type": "LineString", "coordinates": [ [ -0.4738552, 39.4928986 ], [ -0.473928, 39.4928086 ], [ -0.4739773, 39.4927172 ], [ -0.4740152, 39.4925752 ], [ -0.4740179, 39.4924535 ], [ -0.4739927, 39.4922946 ], [ -0.4739109, 39.4921166 ], [ -0.4738019, 39.4919778 ], [ -0.4737056, 39.4918904 ] ] } },
{ "type": "Feature", "properties": { "element": "way", "id": 178244123, "name": "nan", "bridge": "yes", "ford": "nan", "highway": "tertiary" }, "geometry": { "type": "LineString", "coordinates": [ [ -0.4729863, 39.4916332 ], [ -0.4724741, 39.4914536 ], [ -0.4722509, 39.4914271 ], [ -0.4711473, 39.4914037 ] ] } },
{ "type": "Feature", "properties": { "element": "way", "id": 178329392, "name": "nan", "bridge": "yes", "ford": "nan", "highway": "footway" }, "geometry": { "type": "LineString", "coordinates": [ [ -0.4014387, 39.4986694 ], [ -0.4018684, 39.4990192 ], [ -0.4019442, 39.4990423 ] ] } },
{ "type": "Feature", "properties": { "element": "way", "id": 179063433, "name": "nan", "bridge": "yes", "ford": "nan", "highway": "trunk" }, "geometry": { "type": "LineString", "coordinates": [ [ -0.4518739, 39.366067 ], [ -0.4520668, 39.3663862 ], [ -0.4522434, 39.3667053 ] ] } },
{ "type": "Feature", "properties": { "element": "way", "id": 179063436, "name": "Autovia de la Mediterrània", "bridge": "yes", "ford": "nan", "highway": "motorway" }, "geometry": { "type": "LineString", "coordinates": [ [ -0.4516867, 39.3664721 ], [ -0.4518705, 39.3667979 ], [ -0.4520411, 39.3671289 ] ] } },
{ "type": "Feature", "properties": { "element": "way", "id": 179063439, "name": "nan", "bridge": "yes", "ford": "nan", "highway": "trunk" }, "geometry": { "type": "LineString", "coordinates": [ [ -0.4523043, 39.3665971 ], [ -0.4521271, 39.3662795 ], [ -0.4519311, 39.3659664 ] ] } },
{ "type": "Feature", "properties": { "element": "way", "id": 179063442, "name": "Autovia de la Mediterrània", "bridge": "yes", "ford": "nan", "highway": "motorway" }, "geometry": { "type": "LineString", "coordinates": [ [ -0.4521332, 39.3669762 ], [ -0.451992, 39.3667093 ], [ -0.45184, 39.3664457 ], [ -0.4517697, 39.3663206 ] ] } },
{ "type": "Feature", "properties": { "element": "way", "id": 179064024, "name": "nan", "bridge": "yes", "ford": "nan", "highway": "tertiary" }, "geometry": { "type": "LineString", "coordinates": [ [ -0.4256748, 39.3671176 ], [ -0.4268172, 39.367093 ] ] } },
{ "type": "Feature", "properties": { "element": "way", "id": 181583329, "name": "nan", "bridge": "yes", "ford": "nan", "highway": "footway" }, "geometry": { "type": "LineString", "coordinates": [ [ -0.4731132, 39.4921428 ], [ -0.4733622, 39.4917499 ] ] } },
{ "type": "Feature", "properties": { "element": "way", "id": 181590541, "name": "nan", "bridge": "yes", "ford": "nan", "highway": "footway" }, "geometry": { "type": "LineString", "coordinates": [ [ -0.4925166, 39.5010993 ], [ -0.492656, 39.5011841 ], [ -0.4925595, 39.5012855 ], [ -0.4924227, 39.5012069 ] ] } },
{ "type": "Feature", "properties": { "element": "way", "id": 183237107, "name": "nan", "bridge": "yes", "ford": "nan", "highway": "steps" }, "geometry": { "type": "LineString", "coordinates": [ [ -0.3746875, 39.4794078 ], [ -0.3746072, 39.4795094 ] ] } },
{ "type": "Feature", "properties": { "element": "way", "id": 186070769, "name": "Pont del Regne de València", "bridge": "yes", "ford": "nan", "highway": "secondary" }, "geometry": { "type": "LineString", "coordinates": [ [ -0.3601943, 39.4619978 ], [ -0.357822, 39.4614937 ] ] } },
{ "type": "Feature", "properties": { "element": "way", "id": 186070773, "name": "Pont del Regne de València", "bridge": "yes", "ford": "nan", "highway": "secondary" }, "geometry": { "type": "LineString", "coordinates": [ [ -0.3578252, 39.461592 ], [ -0.3602414, 39.4621196 ] ] } },
{ "type": "Feature", "properties": { "element": "way", "id": 186070776, "name": "Pont de l'Àngel Custodi", "bridge": "yes", "ford": "nan", "highway": "primary" }, "geometry": { "type": "LineString", "coordinates": [ [ -0.3605473, 39.4631639 ], [ -0.3591517, 39.4634894 ] ] } },
{ "type": "Feature", "properties": { "element": "way", "id": 186096436, "name": "nan", "bridge": "yes", "ford": "nan", "highway": "cycleway" }, "geometry": { "type": "LineString", "coordinates": [ [ -0.331044, 39.4540594 ], [ -0.3319089, 39.4531113 ], [ -0.3320951, 39.4529071 ] ] } },
{ "type": "Feature", "properties": { "element": "way", "id": 186338442, "name": "Senda de Capelleta", "bridge": "nan", "ford": "yes", "highway": "residential" }, "geometry": { "type": "LineString", "coordinates": [ [ -0.3334774, 39.4754892 ], [ -0.3333423, 39.4754722 ], [ -0.3332064, 39.4754549 ], [ -0.3328218, 39.4754127 ], [ -0.3327786, 39.475408 ], [ -0.3326851, 39.4753976 ] ] } },
{ "type": "Feature", "properties": { "element": "way", "id": 186904666, "name": "nan", "bridge": "yes", "ford": "nan", "highway": "unclassified" }, "geometry": { "type": "LineString", "coordinates": [ [ -0.3343994, 39.4364032 ], [ -0.3343869, 39.4359004 ] ] } },
{ "type": "Feature", "properties": { "element": "way", "id": 186904677, "name": "nan", "bridge": "yes", "ford": "nan", "highway": "unclassified" }, "geometry": { "type": "LineString", "coordinates": [ [ -0.3342261, 39.4358928 ], [ -0.3342463, 39.4363862 ] ] } },
{ "type": "Feature", "properties": { "element": "way", "id": 187046834, "name": "Accés oest a Quart de Poblet i est a Mislata", "bridge": "yes", "ford": "nan", "highway": "secondary" }, "geometry": { "type": "LineString", "coordinates": [ [ -0.4368121, 39.4863354 ], [ -0.4365769, 39.486233 ] ] } },
{ "type": "Feature", "properties": { "element": "way", "id": 187046840, "name": "Circumval·lació de València", "bridge": "yes", "ford": "nan", "highway": "motorway" }, "geometry": { "type": "LineString", "coordinates": [ [ -0.4362728, 39.48748 ], [ -0.4366705, 39.487494 ] ] } },
{ "type": "Feature", "properties": { "element": "way", "id": 187046841, "name": "Circumval·lació de València", "bridge": "yes", "ford": "nan", "highway": "motorway" }, "geometry": { "type": "LineString", "coordinates": [ [ -0.4366651, 39.487341 ], [ -0.4363312, 39.4873049 ] ] } },
{ "type": "Feature", "properties": { "element": "way", "id": 187046853, "name": "nan", "bridge": "yes", "ford": "nan", "highway": "trunk_link" }, "geometry": { "type": "LineString", "coordinates": [ [ -0.4368383, 39.4867907 ], [ -0.4363687, 39.4868671 ] ] } },
{ "type": "Feature", "properties": { "element": "way", "id": 187046860, "name": "nan", "bridge": "yes", "ford": "nan", "highway": "unclassified" }, "geometry": { "type": "LineString", "coordinates": [ [ -0.4368306, 39.4858568 ], [ -0.4366892, 39.4858295 ] ] } },
{ "type": "Feature", "properties": { "element": "way", "id": 187046863, "name": "nan", "bridge": "yes", "ford": "nan", "highway": "motorway_link" }, "geometry": { "type": "LineString", "coordinates": [ [ -0.4361902, 39.4878036 ], [ -0.4366909, 39.4876905 ] ] } },
{ "type": "Feature", "properties": { "element": "way", "id": 187240983, "name": "nan", "bridge": "yes", "ford": "nan", "highway": "unclassified" }, "geometry": { "type": "LineString", "coordinates": [ [ -0.4570552, 39.5048603 ], [ -0.4570568, 39.5048152 ] ] } },
{ "type": "Feature", "properties": { "element": "way", "id": 187249889, "name": "nan", "bridge": "yes", "ford": "nan", "highway": "unclassified" }, "geometry": { "type": "LineString", "coordinates": [ [ -0.4454355, 39.4858836 ], [ -0.4455232, 39.4858194 ] ] } },
{ "type": "Feature", "properties": { "element": "way", "id": 187249901, "name": "nan", "bridge": "yes", "ford": "nan", "highway": "secondary" }, "geometry": { "type": "LineString", "coordinates": [ [ -0.4552965, 39.4876523 ], [ -0.454249, 39.4871424 ] ] } },
{ "type": "Feature", "properties": { "element": "way", "id": 187930077, "name": "Pasarela del Parque Fluvial del Turia", "bridge": "yes", "ford": "nan", "highway": "path" }, "geometry": { "type": "LineString", "coordinates": [ [ -0.4330962, 39.4843314 ], [ -0.4329701, 39.4844599 ] ] } },
{ "type": "Feature", "properties": { "element": "way", "id": 187930079, "name": "Accés oest a Quart de Poblet i est a Mislata", "bridge": "yes", "ford": "nan", "highway": "secondary" }, "geometry": { "type": "LineString", "coordinates": [ [ -0.4301964, 39.4822434 ], [ -0.4302422, 39.4822291 ], [ -0.4303614, 39.4821796 ] ] } },
{ "type": "Feature", "properties": { "element": "way", "id": 187930080, "name": "nan", "bridge": "yes", "ford": "nan", "highway": "secondary_link" }, "geometry": { "type": "LineString", "coordinates": [ [ -0.4303455, 39.482141 ], [ -0.4302255, 39.482153 ], [ -0.4301535, 39.4821514 ] ] } },
{ "type": "Feature", "properties": { "element": "way", "id": 187930139, "name": "nan", "bridge": "yes", "ford": "nan", "highway": "service" }, "geometry": { "type": "LineString", "coordinates": [ [ -0.4534033, 39.4934648 ], [ -0.4534578, 39.4934423 ], [ -0.4537861, 39.493434 ], [ -0.4538411, 39.4934136 ] ] } },
{ "type": "Feature", "properties": { "element": "way", "id": 188496583, "name": "Anell Verd Metropolità", "bridge": "yes", "ford": "nan", "highway": "cycleway" }, "geometry": { "type": "LineString", "coordinates": [ [ -0.3889664, 39.429076 ], [ -0.3901165, 39.4293874 ], [ -0.3903929, 39.4294619 ], [ -0.3905287, 39.4294947 ], [ -0.3906704, 39.4295249 ] ] } },
{ "type": "Feature", "properties": { "element": "way", "id": 192265750, "name": "nan", "bridge": "yes", "ford": "nan", "highway": "service" }, "geometry": { "type": "LineString", "coordinates": [ [ -0.4966008, 39.4685656 ], [ -0.4963862, 39.4685594 ] ] } },
{ "type": "Feature", "properties": { "element": "way", "id": 192265752, "name": "nan", "bridge": "yes", "ford": "nan", "highway": "track" }, "geometry": { "type": "LineString", "coordinates": [ [ -0.4939442, 39.4590137 ], [ -0.4941018, 39.458993 ] ] } },
{ "type": "Feature", "properties": { "element": "way", "id": 192265755, "name": "nan", "bridge": "yes", "ford": "nan", "highway": "unclassified" }, "geometry": { "type": "LineString", "coordinates": [ [ -0.4980582, 39.4526857 ], [ -0.4978797, 39.4526061 ] ] } },
{ "type": "Feature", "properties": { "element": "way", "id": 192265757, "name": "nan", "bridge": "yes", "ford": "nan", "highway": "unclassified" }, "geometry": { "type": "LineString", "coordinates": [ [ -0.4954353, 39.4558382 ], [ -0.4956091, 39.4559228 ] ] } },
{ "type": "Feature", "properties": { "element": "way", "id": 192265758, "name": "nan", "bridge": "yes", "ford": "nan", "highway": "unclassified" }, "geometry": { "type": "LineString", "coordinates": [ [ -0.4945187, 39.4612644 ], [ -0.4946886, 39.4612892 ] ] } },
{ "type": "Feature", "properties": { "element": "way", "id": 193395654, "name": "Camí Real de Madrid", "bridge": "yes", "ford": "nan", "highway": "tertiary" }, "geometry": { "type": "LineString", "coordinates": [ [ -0.4115692, 39.3837055 ], [ -0.4116997, 39.3833814 ] ] } },
{ "type": "Feature", "properties": { "element": "way", "id": 195105989, "name": "Avinguda de Beniparrell", "bridge": "yes", "ford": "nan", "highway": "cycleway" }, "geometry": { "type": "LineString", "coordinates": [ [ -0.4093912, 39.3748937 ], [ -0.4097439, 39.3750616 ] ] } },
{ "type": "Feature", "properties": { "element": "way", "id": 195106011, "name": "nan", "bridge": "yes", "ford": "nan", "highway": "track" }, "geometry": { "type": "LineString", "coordinates": [ [ -0.3940035, 39.3811618 ], [ -0.3939006, 39.3814359 ] ] } },
{ "type": "Feature", "properties": { "element": "way", "id": 210138128, "name": "nan", "bridge": "yes", "ford": "nan", "highway": "track" }, "geometry": { "type": "LineString", "coordinates": [ [ -0.4331098, 39.4907178 ], [ -0.4330133, 39.4906019 ] ] } },
{ "type": "Feature", "properties": { "element": "way", "id": 211762376, "name": "nan", "bridge": "yes", "ford": "nan", "highway": "track" }, "geometry": { "type": "LineString", "coordinates": [ [ -0.3478927, 39.4266487 ], [ -0.3478462, 39.4266302 ] ] } },
{ "type": "Feature", "properties": { "element": "way", "id": 211762378, "name": "nan", "bridge": "yes", "ford": "nan", "highway": "track" }, "geometry": { "type": "LineString", "coordinates": [ [ -0.3475019, 39.4272636 ], [ -0.3475554, 39.4272829 ] ] } },
{ "type": "Feature", "properties": { "element": "way", "id": 212741230, "name": "nan", "bridge": "yes", "ford": "nan", "highway": "motorway_link" }, "geometry": { "type": "LineString", "coordinates": [ [ -0.3414294, 39.4302853 ], [ -0.3415074, 39.4299772 ] ] } },
{ "type": "Feature", "properties": { "element": "way", "id": 212741231, "name": "Carretera València - Sueca (pel Saler)", "bridge": "yes", "ford": "nan", "highway": "trunk" }, "geometry": { "type": "LineString", "coordinates": [ [ -0.341142, 39.4299113 ], [ -0.3410622, 39.4302473 ] ] } },
{ "type": "Feature", "properties": { "element": "way", "id": 212741252, "name": "Carretera València - Sueca (pel Saler)", "bridge": "yes", "ford": "nan", "highway": "trunk" }, "geometry": { "type": "LineString", "coordinates": [ [ -0.3412939, 39.4302713 ], [ -0.3413695, 39.4299523 ] ] } },
{ "type": "Feature", "properties": { "element": "way", "id": 212741273, "name": "Carrera del Riu", "bridge": "yes", "ford": "nan", "highway": "tertiary" }, "geometry": { "type": "LineString", "coordinates": [ [ -0.3412031, 39.4245722 ], [ -0.3411792, 39.4246802 ] ] } },
{ "type": "Feature", "properties": { "element": "way", "id": 216269616, "name": "nan", "bridge": "yes", "ford": "nan", "highway": "service" }, "geometry": { "type": "LineString", "coordinates": [ [ -0.3621327, 39.4170051 ], [ -0.3622102, 39.4170681 ] ] } },
{ "type": "Feature", "properties": { "element": "way", "id": 216269641, "name": "Anell Verd Metropolità", "bridge": "yes", "ford": "nan", "highway": "track" }, "geometry": { "type": "LineString", "coordinates": [ [ -0.3609045, 39.417619 ], [ -0.3609608, 39.4176688 ] ] } },
{ "type": "Feature", "properties": { "element": "way", "id": 217845146, "name": "nan", "bridge": "yes", "ford": "nan", "highway": "path" }, "geometry": { "type": "LineString", "coordinates": [ [ -0.3376417, 39.4857462 ], [ -0.3376605, 39.4858082 ] ] } },
{ "type": "Feature", "properties": { "element": "way", "id": 220041454, "name": "nan", "bridge": "yes", "ford": "nan", "highway": "service" }, "geometry": { "type": "LineString", "coordinates": [ [ -0.4290354, 39.5061885 ], [ -0.4291332, 39.5063351 ], [ -0.4313208, 39.5054665 ], [ -0.4293902, 39.5025723 ], [ -0.427203, 39.5034407 ], [ -0.4283899, 39.5052205 ], [ -0.4290354, 39.5061885 ] ] } },
{ "type": "Feature", "properties": { "element": "way", "id": 221267863, "name": "nan", "bridge": "yes", "ford": "nan", "highway": "track" }, "geometry": { "type": "LineString", "coordinates": [ [ -0.3916989, 39.350795 ], [ -0.3917119, 39.3507233 ] ] } },
{ "type": "Feature", "properties": { "element": "way", "id": 233569214, "name": "nan", "bridge": "yes", "ford": "nan", "highway": "nan" }, "geometry": { "type": "LineString", "coordinates": [ [ -0.4457657, 39.4348918 ], [ -0.4452029, 39.4347746 ] ] } },
{ "type": "Feature", "properties": { "element": "way", "id": 233569215, "name": "nan", "bridge": "yes", "ford": "nan", "highway": "nan" }, "geometry": { "type": "LineString", "coordinates": [ [ -0.4611767, 39.4271475 ], [ -0.4612444, 39.4270339 ], [ -0.4613284, 39.4269112 ], [ -0.4614067, 39.4268128 ] ] } },
{ "type": "Feature", "properties": { "element": "way", "id": 233638497, "name": "nan", "bridge": "yes", "ford": "nan", "highway": "nan" }, "geometry": { "type": "LineString", "coordinates": [ [ -0.4197277, 39.431645 ], [ -0.4190692, 39.4318998 ] ] } },
{ "type": "Feature", "properties": { "element": "way", "id": 233639798, "name": "nan", "bridge": "yes", "ford": "nan", "highway": "nan" }, "geometry": { "type": "LineString", "coordinates": [ [ -0.4051882, 39.4483138 ], [ -0.4054101, 39.4480381 ], [ -0.4057212, 39.4476237 ], [ -0.4060141, 39.4472148 ], [ -0.406449, 39.4465573 ], [ -0.406964, 39.4457921 ] ] } },
{ "type": "Feature", "properties": { "element": "way", "id": 233678841, "name": "nan", "bridge": "yes", "ford": "nan", "highway": "nan" }, "geometry": { "type": "LineString", "coordinates": [ [ -0.3538, 39.5071652 ], [ -0.353766, 39.5065168 ] ] } },
{ "type": "Feature", "properties": { "element": "way", "id": 236428200, "name": "nan", "bridge": "yes", "ford": "nan", "highway": "secondary" }, "geometry": { "type": "LineString", "coordinates": [ [ -0.344449, 39.505305 ], [ -0.3447921, 39.5047299 ] ] } },
{ "type": "Feature", "properties": { "element": "way", "id": 236428203, "name": "Via Xurra", "bridge": "yes", "ford": "nan", "highway": "cycleway" }, "geometry": { "type": "LineString", "coordinates": [ [ -0.344853, 39.5047439 ], [ -0.3444945, 39.5053388 ] ] } },
{ "type": "Feature", "properties": { "element": "way", "id": 237016066, "name": "Vía Xurra", "bridge": "yes", "ford": "nan", "highway": "cycleway" }, "geometry": { "type": "LineString", "coordinates": [ [ -0.3496909, 39.4880383 ], [ -0.3496711, 39.4880962 ], [ -0.3496664, 39.48811 ] ] } },
{ "type": "Feature", "properties": { "element": "way", "id": 237116662, "name": "nan", "bridge": "yes", "ford": "nan", "highway": "footway" }, "geometry": { "type": "LineString", "coordinates": [ [ -0.3253204, 39.5024384 ], [ -0.3253635, 39.5023961 ], [ -0.3254617, 39.5023432 ], [ -0.3255783, 39.5023026 ], [ -0.3255734, 39.5022365 ], [ -0.3256022, 39.5022311 ] ] } },
{ "type": "Feature", "properties": { "element": "way", "id": 237157504, "name": "Carrera del Riu", "bridge": "yes", "ford": "nan", "highway": "tertiary" }, "geometry": { "type": "LineString", "coordinates": [ [ -0.3412478, 39.4246865 ], [ -0.3412031, 39.4245722 ] ] } },
{ "type": "Feature", "properties": { "element": "way", "id": 238808613, "name": "nan", "bridge": "yes", "ford": "nan", "highway": "service" }, "geometry": { "type": "LineString", "coordinates": [ [ -0.4290354, 39.5061885 ], [ -0.4286669, 39.5063379 ], [ -0.4286185, 39.5063541 ], [ -0.4285671, 39.506363 ], [ -0.4285296, 39.5063638 ], [ -0.4284929, 39.5063579 ], [ -0.4284563, 39.506344 ], [ -0.4284256, 39.5063235 ], [ -0.4284019, 39.5062964 ], [ -0.4283884, 39.5062654 ], [ -0.4283862, 39.5062316 ], [ -0.4283961, 39.5061985 ], [ -0.4284158, 39.5061706 ], [ -0.4284442, 39.5061475 ], [ -0.4284791, 39.506131 ], [ -0.4285184, 39.506122 ], [ -0.4285559, 39.5061208 ], [ -0.4285928, 39.5061265 ], [ -0.4286281, 39.5061393 ], [ -0.4286582, 39.5061584 ], [ -0.4286829, 39.5061847 ], [ -0.4286977, 39.5062151 ], [ -0.4287016, 39.5062472 ], [ -0.4286944, 39.5062789 ] ] } },
{ "type": "Feature", "properties": { "element": "way", "id": 238845792, "name": "nan", "bridge": "yes", "ford": "nan", "highway": "track" }, "geometry": { "type": "LineString", "coordinates": [ [ -0.347585, 39.4272678 ], [ -0.3476501, 39.4271502 ] ] } },
{ "type": "Feature", "properties": { "element": "way", "id": 239984260, "name": "nan", "bridge": "yes", "ford": "nan", "highway": "motorway_link" }, "geometry": { "type": "LineString", "coordinates": [ [ -0.3381432, 39.4282185 ], [ -0.3381728, 39.4281763 ], [ -0.3382097, 39.4281325 ], [ -0.3382601, 39.4280864 ], [ -0.3383199, 39.4280395 ], [ -0.3383862, 39.4279999 ], [ -0.3384451, 39.4279703 ] ] } },
{ "type": "Feature", "properties": { "element": "way", "id": 243603087, "name": "nan", "bridge": "yes", "ford": "nan", "highway": "footway" }, "geometry": { "type": "LineString", "coordinates": [ [ -0.4628747, 39.46129 ], [ -0.4628303, 39.4615893 ], [ -0.4628476, 39.4616097 ], [ -0.4629104, 39.461627 ] ] } },
{ "type": "Feature", "properties": { "element": "way", "id": 243606540, "name": "nan", "bridge": "yes", "ford": "nan", "highway": "footway" }, "geometry": { "type": "LineString", "coordinates": [ [ -0.4646492, 39.4613242 ], [ -0.464858, 39.461459 ], [ -0.4649942, 39.4613312 ] ] } },
{ "type": "Feature", "properties": { "element": "way", "id": 243821003, "name": "nan", "bridge": "yes", "ford": "nan", "highway": "cycleway" }, "geometry": { "type": "LineString", "coordinates": [ [ -0.4193665, 39.4685225 ], [ -0.4194664, 39.4684124 ], [ -0.4195729, 39.4681606 ], [ -0.4196115, 39.4681688 ], [ -0.4194986, 39.4684174 ], [ -0.4194016, 39.4685243 ], [ -0.4195277, 39.4685925 ], [ -0.4197704, 39.4687165 ], [ -0.4198039, 39.4689533 ], [ -0.4200497, 39.4690634 ] ] } },
{ "type": "Feature", "properties": { "element": "way", "id": 245837492, "name": "314 - Xirivella L'Alter - València Sant Isidre", "bridge": "yes", "ford": "nan", "highway": "nan" }, "geometry": { "type": "LineString", "coordinates": [ [ -0.4073048, 39.4544238 ], [ -0.4069202, 39.4538988 ] ] } },
{ "type": "Feature", "properties": { "element": "way", "id": 245837501, "name": "310 - Aranjuez - València Sant Isidre", "bridge": "yes", "ford": "nan", "highway": "nan" }, "geometry": { "type": "LineString", "coordinates": [ [ -0.4086966, 39.4562768 ], [ -0.4084702, 39.4559675 ] ] } },
{ "type": "Feature", "properties": { "element": "way", "id": 245837502, "name": "Aranjuez - València Nord", "bridge": "yes", "ford": "nan", "highway": "nan" }, "geometry": { "type": "LineString", "coordinates": [ [ -0.4073428, 39.454408 ], [ -0.4069576, 39.4538812 ] ] } },
{ "type": "Feature", "properties": { "element": "way", "id": 245837504, "name": "Xirivella L'Alter - València Sant Isidre", "bridge": "yes", "ford": "nan", "highway": "nan" }, "geometry": { "type": "LineString", "coordinates": [ [ -0.4086566, 39.4562923 ], [ -0.4084317, 39.455983 ] ] } },
{ "type": "Feature", "properties": { "element": "way", "id": 253851524, "name": "Pont de l'Assut de l'Or", "bridge": "yes", "ford": "nan", "highway": "primary" }, "geometry": { "type": "LineString", "coordinates": [ [ -0.3510964, 39.4536695 ], [ -0.3499157, 39.4544351 ], [ -0.3480833, 39.4557279 ] ] } },
{ "type": "Feature", "properties": { "element": "way", "id": 266783391, "name": "nan", "bridge": "yes", "ford": "nan", "highway": "footway" }, "geometry": { "type": "LineString", "coordinates": [ [ -0.4692125, 39.4413813 ], [ -0.4695335, 39.4421347 ] ] } },
{ "type": "Feature", "properties": { "element": "way", "id": 268134013, "name": "nan", "bridge": "yes", "ford": "nan", "highway": "cycleway" }, "geometry": { "type": "LineString", "coordinates": [ [ -0.3663982, 39.4802068 ], [ -0.3663775, 39.4802095 ], [ -0.3663385, 39.4802206 ], [ -0.3662946, 39.4802398 ], [ -0.3662646, 39.4802582 ], [ -0.3662399, 39.4802792 ] ] } },
{ "type": "Feature", "properties": { "element": "way", "id": 268134025, "name": "nan", "bridge": "yes", "ford": "nan", "highway": "cycleway" }, "geometry": { "type": "LineString", "coordinates": [ [ -0.3674137, 39.4805155 ], [ -0.3674894, 39.4805177 ], [ -0.3675349, 39.4805132 ], [ -0.3675523, 39.4805099 ] ] } },
{ "type": "Feature", "properties": { "element": "way", "id": 277513387, "name": "nan", "bridge": "yes", "ford": "nan", "highway": "footway" }, "geometry": { "type": "LineString", "coordinates": [ [ -0.3680667, 39.4820275 ], [ -0.368024, 39.4819676 ] ] } },
{ "type": "Feature", "properties": { "element": "way", "id": 277515424, "name": "nan", "bridge": "yes", "ford": "nan", "highway": "footway" }, "geometry": { "type": "LineString", "coordinates": [ [ -0.4035059, 39.4500197 ], [ -0.4035239, 39.4500022 ], [ -0.4036492, 39.4500792 ], [ -0.4036723, 39.4500933 ], [ -0.4036581, 39.4501071 ] ] } },
{ "type": "Feature", "properties": { "element": "way", "id": 277515425, "name": "nan", "bridge": "yes", "ford": "nan", "highway": "footway" }, "geometry": { "type": "LineString", "coordinates": [ [ -0.4036492, 39.4500792 ], [ -0.403821, 39.4499112 ], [ -0.4038304, 39.4499159 ] ] } },
{ "type": "Feature", "properties": { "element": "way", "id": 277515439, "name": "nan", "bridge": "yes", "ford": "nan", "highway": "footway" }, "geometry": { "type": "LineString", "coordinates": [ [ -0.396779, 39.4755856 ], [ -0.396156, 39.4758524 ], [ -0.3960589, 39.475894 ] ] } },
{ "type": "Feature", "properties": { "element": "way", "id": 281649375, "name": "nan", "bridge": "yes", "ford": "nan", "highway": "footway" }, "geometry": { "type": "LineString", "coordinates": [ [ -0.4295185, 39.4979523 ], [ -0.4289839, 39.4979351 ] ] } },
{ "type": "Feature", "properties": { "element": "way", "id": 281897686, "name": "nan", "bridge": "yes", "ford": "nan", "highway": "track" }, "geometry": { "type": "LineString", "coordinates": [ [ -0.4550985, 39.4961222 ], [ -0.4549172, 39.4962134 ] ] } },
{ "type": "Feature", "properties": { "element": "way", "id": 282105962, "name": "nan", "bridge": "yes", "ford": "nan", "highway": "steps" }, "geometry": { "type": "LineString", "coordinates": [ [ -0.4165622, 39.5049597 ], [ -0.4167078, 39.5050068 ] ] } },
{ "type": "Feature", "properties": { "element": "way", "id": 282105980, "name": "nan", "bridge": "yes", "ford": "nan", "highway": "steps" }, "geometry": { "type": "LineString", "coordinates": [ [ -0.4165595, 39.5052846 ], [ -0.4167306, 39.5053386 ] ] } },
{ "type": "Feature", "properties": { "element": "way", "id": 282105986, "name": "nan", "bridge": "yes", "ford": "nan", "highway": "footway" }, "geometry": { "type": "LineString", "coordinates": [ [ -0.4166131, 39.5049571 ], [ -0.4168862, 39.5050438 ], [ -0.416879, 39.5050626 ], [ -0.4167078, 39.5050068 ] ] } },
{ "type": "Feature", "properties": { "element": "way", "id": 282112002, "name": "nan", "bridge": "yes", "ford": "nan", "highway": "nan" }, "geometry": { "type": "LineString", "coordinates": [ [ -0.4285532, 39.5189606 ], [ -0.4282554, 39.5189971 ], [ -0.4280985, 39.5190236 ], [ -0.4280066, 39.5190461 ], [ -0.4279206, 39.5190742 ], [ -0.4278143, 39.5191259 ], [ -0.4277356, 39.5191844 ], [ -0.4276685, 39.5192574 ] ] } },
{ "type": "Feature", "properties": { "element": "way", "id": 297791104, "name": "nan", "bridge": "nan", "ford": "yes", "highway": "service" }, "geometry": { "type": "LineString", "coordinates": [ [ -0.4101684, 39.4646991 ], [ -0.4106104, 39.4646741 ], [ -0.4105404, 39.4639426 ], [ -0.410578, 39.4639405 ], [ -0.4107222, 39.4639322 ], [ -0.4107849, 39.4639287 ], [ -0.4117091, 39.4638759 ], [ -0.4118272, 39.46511 ], [ -0.4118581, 39.4654327 ], [ -0.4115878, 39.4654482 ], [ -0.4115713, 39.4652755 ], [ -0.4109527, 39.4653108 ], [ -0.4109689, 39.4654801 ], [ -0.4106891, 39.465496 ], [ -0.4106487, 39.4650741 ], [ -0.4106104, 39.4646741 ] ] } },
{ "type": "Feature", "properties": { "element": "way", "id": 310992864, "name": "nan", "bridge": "yes", "ford": "nan", "highway": "service" }, "geometry": { "type": "LineString", "coordinates": [ [ -0.4809029, 39.5162778 ], [ -0.4810526, 39.5162783 ] ] } },
{ "type": "Feature", "properties": { "element": "way", "id": 311313720, "name": "nan", "bridge": "yes", "ford": "nan", "highway": "tertiary_link" }, "geometry": { "type": "LineString", "coordinates": [ [ -0.3884372, 39.4136556 ], [ -0.388555, 39.4137473 ], [ -0.3886428, 39.4138324 ] ] } },
{ "type": "Feature", "properties": { "element": "way", "id": 320501071, "name": "Pont de l'Àngel Custodi", "bridge": "yes", "ford": "nan", "highway": "cycleway" }, "geometry": { "type": "LineString", "coordinates": [ [ -0.3592155, 39.4636536 ], [ -0.3606105, 39.4633254 ] ] } },
{ "type": "Feature", "properties": { "element": "way", "id": 320501072, "name": "Pont de les Arts", "bridge": "yes", "ford": "nan", "highway": "cycleway" }, "geometry": { "type": "LineString", "coordinates": [ [ -0.3840995, 39.481547 ], [ -0.3840633, 39.4815217 ], [ -0.3835171, 39.4807585 ], [ -0.3832601, 39.4803863 ] ] } },
{ "type": "Feature", "properties": { "element": "way", "id": 320501073, "name": "Pont del Real", "bridge": "yes", "ford": "nan", "highway": "cycleway" }, "geometry": { "type": "LineString", "coordinates": [ [ -0.3694095, 39.4757762 ], [ -0.3693804, 39.4758026 ], [ -0.3682028, 39.476931 ] ] } },
{ "type": "Feature", "properties": { "element": "way", "id": 320501079, "name": "nan", "bridge": "yes", "ford": "nan", "highway": "footway" }, "geometry": { "type": "LineString", "coordinates": [ [ -0.3832838, 39.4803707 ], [ -0.3840806, 39.4815033 ], [ -0.3841321, 39.481532 ] ] } },
{ "type": "Feature", "properties": { "element": "way", "id": 320501084, "name": "nan", "bridge": "yes", "ford": "nan", "highway": "footway" }, "geometry": { "type": "LineString", "coordinates": [ [ -0.3695105, 39.4758673 ], [ -0.3694584, 39.4758433 ], [ -0.3693804, 39.4758026 ], [ -0.3693554, 39.4757615 ], [ -0.3693164, 39.4757124 ] ] } },
{ "type": "Feature", "properties": { "element": "way", "id": 323234394, "name": "nan", "bridge": "yes", "ford": "nan", "highway": "nan" }, "geometry": { "type": "LineString", "coordinates": [ [ -0.4011993, 39.4986434 ], [ -0.4015807, 39.4990162 ], [ -0.401711, 39.4991509 ] ] } },
{ "type": "Feature", "properties": { "element": "way", "id": 323441823, "name": "nan", "bridge": "yes", "ford": "nan", "highway": "nan" }, "geometry": { "type": "LineString", "coordinates": [ [ -0.4011993, 39.4986434 ], [ -0.4015027, 39.4988938 ] ] } },
{ "type": "Feature", "properties": { "element": "way", "id": 324061734, "name": "Autovia del Túria", "bridge": "yes", "ford": "nan", "highway": "trunk" }, "geometry": { "type": "LineString", "coordinates": [ [ -0.4282267, 39.5110396 ], [ -0.4274681, 39.5104673 ] ] } },
{ "type": "Feature", "properties": { "element": "way", "id": 324061737, "name": "Autovia del Túria", "bridge": "yes", "ford": "nan", "highway": "trunk" }, "geometry": { "type": "LineString", "coordinates": [ [ -0.4273241, 39.510584 ], [ -0.4280851, 39.5111637 ] ] } },
{ "type": "Feature", "properties": { "element": "way", "id": 324273197, "name": "nan", "bridge": "yes", "ford": "nan", "highway": "nan" }, "geometry": { "type": "LineString", "coordinates": [ [ -0.4277072, 39.5192714 ], [ -0.4277332, 39.5192413 ], [ -0.4277935, 39.519186 ], [ -0.4278602, 39.5191408 ], [ -0.4279303, 39.5191094 ], [ -0.4280133, 39.5190792 ], [ -0.4281045, 39.5190541 ], [ -0.4282103, 39.519034 ], [ -0.4283659, 39.5190137 ], [ -0.4285557, 39.5189905 ] ] } },
{ "type": "Feature", "properties": { "element": "way", "id": 324293365, "name": "nan", "bridge": "yes", "ford": "nan", "highway": "nan" }, "geometry": { "type": "LineString", "coordinates": [ [ -0.4013478, 39.4986684 ], [ -0.401426, 39.49874 ], [ -0.4014895, 39.4987966 ], [ -0.4015595, 39.4988519 ], [ -0.4017012, 39.4989624 ], [ -0.401768, 39.4990165 ], [ -0.4018217, 39.4990617 ], [ -0.4018738, 39.499112 ] ] } },
{ "type": "Feature", "properties": { "element": "way", "id": 324694446, "name": "nan", "bridge": "yes", "ford": "nan", "highway": "nan" }, "geometry": { "type": "LineString", "coordinates": [ [ -0.3538918, 39.5088491 ], [ -0.3538818, 39.5086993 ] ] } },
{ "type": "Feature", "properties": { "element": "way", "id": 325372123, "name": "nan", "bridge": "yes", "ford": "nan", "highway": "nan" }, "geometry": { "type": "LineString", "coordinates": [ [ -0.4278632, 39.4968329 ], [ -0.4285559, 39.4964846 ] ] } },
{ "type": "Feature", "properties": { "element": "way", "id": 326106524, "name": "nan", "bridge": "yes", "ford": "nan", "highway": "nan" }, "geometry": { "type": "LineString", "coordinates": [ [ -0.4706632, 39.3771801 ], [ -0.4707587, 39.3769843 ] ] } },
{ "type": "Feature", "properties": { "element": "way", "id": 326106526, "name": "nan", "bridge": "yes", "ford": "nan", "highway": "nan" }, "geometry": { "type": "LineString", "coordinates": [ [ -0.4700882, 39.378408 ], [ -0.470143, 39.3782931 ] ] } },
{ "type": "Feature", "properties": { "element": "way", "id": 326106528, "name": "nan", "bridge": "yes", "ford": "nan", "highway": "nan" }, "geometry": { "type": "LineString", "coordinates": [ [ -0.4602665, 39.4140865 ], [ -0.4602613, 39.4139535 ] ] } },
{ "type": "Feature", "properties": { "element": "way", "id": 332128901, "name": "nan", "bridge": "yes", "ford": "nan", "highway": "path" }, "geometry": { "type": "LineString", "coordinates": [ [ -0.4279514, 39.4704787 ], [ -0.428066, 39.4705277 ], [ -0.4284205, 39.4706881 ], [ -0.4280874, 39.4711263 ], [ -0.428618, 39.4713197 ], [ -0.4285998, 39.4713581 ] ] } },
{ "type": "Feature", "properties": { "element": "way", "id": 365165851, "name": "nan", "bridge": "yes", "ford": "nan", "highway": "path" }, "geometry": { "type": "LineString", "coordinates": [ [ -0.4929148, 39.4736196 ], [ -0.4929282, 39.473897 ], [ -0.4929657, 39.4738949 ], [ -0.492951, 39.4735316 ], [ -0.4927109, 39.4729984 ], [ -0.492495, 39.4730523 ], [ -0.4924212, 39.4728794 ], [ -0.4915334, 39.4731061 ] ] } },
{ "type": "Feature", "properties": { "element": "way", "id": 366715417, "name": "nan", "bridge": "yes", "ford": "nan", "highway": "path" }, "geometry": { "type": "LineString", "coordinates": [ [ -0.4785693, 39.4778287 ], [ -0.4783172, 39.477878 ], [ -0.4783228, 39.4778952 ], [ -0.4787444, 39.4778128 ], [ -0.4783971, 39.4767541 ], [ -0.4783711, 39.4767592 ], [ -0.4784876, 39.4770959 ] ] } },
{ "type": "Feature", "properties": { "element": "way", "id": 366858327, "name": "Carrer d’Aldaia", "bridge": "yes", "ford": "nan", "highway": "tertiary" }, "geometry": { "type": "LineString", "coordinates": [ [ -0.4615069, 39.4861876 ], [ -0.4611785, 39.4863568 ] ] } },
{ "type": "Feature", "properties": { "element": "way", "id": 366858329, "name": "Avinguda de Manuel Vilar", "bridge": "yes", "ford": "nan", "highway": "residential" }, "geometry": { "type": "LineString", "coordinates": [ [ -0.4573759, 39.4868945 ], [ -0.457457, 39.4866979 ] ] } },
{ "type": "Feature", "properties": { "element": "way", "id": 367659504, "name": "nan", "bridge": "yes", "ford": "nan", "highway": "footway" }, "geometry": { "type": "LineString", "coordinates": [ [ -0.4061807, 39.4744302 ], [ -0.4061775, 39.4744155 ], [ -0.406043, 39.4737954 ], [ -0.4059109, 39.4731618 ] ] } },
{ "type": "Feature", "properties": { "element": "way", "id": 367659541, "name": "nan", "bridge": "yes", "ford": "nan", "highway": "footway" }, "geometry": { "type": "LineString", "coordinates": [ [ -0.4056428, 39.4744999 ], [ -0.4056392, 39.4744827 ], [ -0.4053799, 39.473235 ], [ -0.4053773, 39.4732226 ] ] } },
{ "type": "Feature", "properties": { "element": "way", "id": 383888061, "name": "Acceso Noroeste de Paterna", "bridge": "yes", "ford": "nan", "highway": "primary" }, "geometry": { "type": "LineString", "coordinates": [ [ -0.4333934, 39.5084044 ], [ -0.4328946, 39.5086147 ], [ -0.4328042, 39.5086556 ] ] } },
{ "type": "Feature", "properties": { "element": "way", "id": 383888064, "name": "Acceso Noroeste de Paterna", "bridge": "yes", "ford": "nan", "highway": "primary" }, "geometry": { "type": "LineString", "coordinates": [ [ -0.4340851, 39.5082982 ], [ -0.4341949, 39.5082705 ] ] } },
{ "type": "Feature", "properties": { "element": "way", "id": 385021553, "name": "nan", "bridge": "yes", "ford": "nan", "highway": "nan" }, "geometry": { "type": "LineString", "coordinates": [ [ -0.4083407, 39.4447916 ], [ -0.4081032, 39.4447786 ], [ -0.407485, 39.4447517 ], [ -0.4029394, 39.4445915 ], [ -0.4026495, 39.4445744 ], [ -0.4023689, 39.4445528 ], [ -0.4021417, 39.4445302 ], [ -0.4019365, 39.4445077 ], [ -0.4017428, 39.4444829 ] ] } },
{ "type": "Feature", "properties": { "element": "way", "id": 385021565, "name": "nan", "bridge": "yes", "ford": "nan", "highway": "nan" }, "geometry": { "type": "LineString", "coordinates": [ [ -0.3828208, 39.4427366 ], [ -0.3827428, 39.4426496 ], [ -0.3826719, 39.4425778 ], [ -0.3825912, 39.4424988 ] ] } },
{ "type": "Feature", "properties": { "element": "way", "id": 385565970, "name": "300 - Madrid Chamartín - València Estació del Nord", "bridge": "yes", "ford": "nan", "highway": "nan" }, "geometry": { "type": "LineString", "coordinates": [ [ -0.396947, 39.405058 ], [ -0.3971553, 39.4045688 ] ] } },
{ "type": "Feature", "properties": { "element": "way", "id": 385565972, "name": "300 - Madrid Chamartín - València Estació del Nord", "bridge": "yes", "ford": "nan", "highway": "nan" }, "geometry": { "type": "LineString", "coordinates": [ [ -0.3971248, 39.404524 ], [ -0.3969144, 39.4050227 ] ] } },
{ "type": "Feature", "properties": { "element": "way", "id": 385714490, "name": "Aranjuez - València Nord", "bridge": "yes", "ford": "nan", "highway": "nan" }, "geometry": { "type": "LineString", "coordinates": [ [ -0.4021815, 39.4473588 ], [ -0.4021235, 39.4472785 ] ] } },
{ "type": "Feature", "properties": { "element": "way", "id": 385714493, "name": "nan", "bridge": "yes", "ford": "nan", "highway": "nan" }, "geometry": { "type": "LineString", "coordinates": [ [ -0.4020802, 39.4472972 ], [ -0.4021399, 39.4473768 ] ] } },
{ "type": "Feature", "properties": { "element": "way", "id": 386463506, "name": "nan", "bridge": "yes", "ford": "nan", "highway": "cycleway" }, "geometry": { "type": "LineString", "coordinates": [ [ -0.3651161, 39.4707844 ], [ -0.3636062, 39.4714662 ] ] } },
{ "type": "Feature", "properties": { "element": "way", "id": 386867757, "name": "Carretera de la Font d'en Corts", "bridge": "yes", "ford": "nan", "highway": "tertiary" }, "geometry": { "type": "LineString", "coordinates": [ [ -0.3543256, 39.4411159 ], [ -0.3544905, 39.4401585 ], [ -0.3547384, 39.4386193 ], [ -0.354896, 39.4376272 ] ] } },
{ "type": "Feature", "properties": { "element": "way", "id": 391097413, "name": "nan", "bridge": "yes", "ford": "nan", "highway": "steps" }, "geometry": { "type": "LineString", "coordinates": [ [ -0.411121, 39.4030923 ], [ -0.4110999, 39.4031262 ] ] } },
{ "type": "Feature", "properties": { "element": "way", "id": 391097414, "name": "nan", "bridge": "yes", "ford": "nan", "highway": "steps" }, "geometry": { "type": "LineString", "coordinates": [ [ -0.4112922, 39.4028695 ], [ -0.4113242, 39.4028473 ] ] } },
{ "type": "Feature", "properties": { "element": "way", "id": 396235236, "name": "nan", "bridge": "yes", "ford": "nan", "highway": "footway" }, "geometry": { "type": "LineString", "coordinates": [ [ -0.3970088, 39.4051699 ], [ -0.397007, 39.4050951 ], [ -0.3971938, 39.4046566 ], [ -0.3972115, 39.4046428 ] ] } },
{ "type": "Feature", "properties": { "element": "way", "id": 399279572, "name": "nan", "bridge": "yes", "ford": "nan", "highway": "tertiary" }, "geometry": { "type": "LineString", "coordinates": [ [ -0.4010564, 39.4089536 ], [ -0.4012357, 39.4084871 ] ] } },
{ "type": "Feature", "properties": { "element": "way", "id": 412389770, "name": "nan", "bridge": "yes", "ford": "nan", "highway": "unclassified" }, "geometry": { "type": "LineString", "coordinates": [ [ -0.4711615, 39.4129421 ], [ -0.4712842, 39.4128366 ] ] } },
{ "type": "Feature", "properties": { "element": "way", "id": 413491049, "name": "Camí del Poalero", "bridge": "yes", "ford": "nan", "highway": "unclassified" }, "geometry": { "type": "LineString", "coordinates": [ [ -0.4681632, 39.4435422 ], [ -0.4678046, 39.4440251 ] ] } },
{ "type": "Feature", "properties": { "element": "way", "id": 413865494, "name": "nan", "bridge": "yes", "ford": "nan", "highway": "footway" }, "geometry": { "type": "LineString", "coordinates": [ [ -0.3728288, 39.4787167 ], [ -0.3728645, 39.4787334 ] ] } },
{ "type": "Feature", "properties": { "element": "way", "id": 414206124, "name": "nan", "bridge": "yes", "ford": "nan", "highway": "tertiary" }, "geometry": { "type": "LineString", "coordinates": [ [ -0.4444616, 39.4621024 ], [ -0.4451469, 39.4616976 ] ] } },
{ "type": "Feature", "properties": { "element": "way", "id": 415616110, "name": "nan", "bridge": "yes", "ford": "nan", "highway": "footway" }, "geometry": { "type": "LineString", "coordinates": [ [ -0.4661432, 39.4284034 ], [ -0.4662541, 39.4285172 ] ] } },
{ "type": "Feature", "properties": { "element": "way", "id": 415616119, "name": "nan", "bridge": "yes", "ford": "nan", "highway": "footway" }, "geometry": { "type": "LineString", "coordinates": [ [ -0.46585, 39.4267473 ], [ -0.4659117, 39.426623 ], [ -0.4660672, 39.4266696 ], [ -0.4660914, 39.4266241 ], [ -0.4658312, 39.4264894 ], [ -0.4658406, 39.4264739 ], [ -0.466082, 39.4265412 ] ] } },
{ "type": "Feature", "properties": { "element": "way", "id": 415616120, "name": "nan", "bridge": "yes", "ford": "nan", "highway": "footway" }, "geometry": { "type": "LineString", "coordinates": [ [ -0.4661665, 39.4263516 ], [ -0.4661963, 39.4263257 ], [ -0.466318, 39.42622 ], [ -0.466487, 39.4260854 ], [ -0.4666238, 39.4259942 ] ] } },
{ "type": "Feature", "properties": { "element": "way", "id": 415616121, "name": "nan", "bridge": "yes", "ford": "nan", "highway": "footway" }, "geometry": { "type": "LineString", "coordinates": [ [ -0.4666238, 39.4259942 ], [ -0.4667177, 39.4259063 ], [ -0.4668147, 39.4258754 ], [ -0.4668255, 39.4258992 ], [ -0.4670427, 39.4258278 ], [ -0.4670042, 39.4257587 ], [ -0.4667916, 39.4257968 ] ] } },
{ "type": "Feature", "properties": { "element": "way", "id": 417644238, "name": "Carrer de Silla", "bridge": "yes", "ford": "nan", "highway": "residential" }, "geometry": { "type": "LineString", "coordinates": [ [ -0.4281045, 39.5185488 ], [ -0.4283625, 39.5186029 ] ] } },
{ "type": "Feature", "properties": { "element": "way", "id": 420880063, "name": "nan", "bridge": "yes", "ford": "nan", "highway": "pedestrian" }, "geometry": { "type": "LineString", "coordinates": [ [ -0.3905079, 39.3613685 ], [ -0.3904552, 39.3614176 ] ] } },
{ "type": "Feature", "properties": { "element": "way", "id": 424888709, "name": "Pista de Silla", "bridge": "yes", "ford": "nan", "highway": "trunk" }, "geometry": { "type": "LineString", "coordinates": [ [ -0.3700834, 39.4363724 ], [ -0.3700638, 39.4365326 ], [ -0.3700213, 39.4369085 ] ] } },
{ "type": "Feature", "properties": { "element": "way", "id": 424888710, "name": "Pista de Silla", "bridge": "yes", "ford": "nan", "highway": "trunk" }, "geometry": { "type": "LineString", "coordinates": [ [ -0.3701754, 39.4369209 ], [ -0.3702382, 39.4365026 ] ] } },
{ "type": "Feature", "properties": { "element": "way", "id": 424888711, "name": "Pista de Silla", "bridge": "yes", "ford": "nan", "highway": "trunk" }, "geometry": { "type": "LineString", "coordinates": [ [ -0.3703482, 39.434393 ], [ -0.3700834, 39.4363724 ] ] } },
{ "type": "Feature", "properties": { "element": "way", "id": 424888727, "name": "nan", "bridge": "yes", "ford": "nan", "highway": "motorway_link" }, "geometry": { "type": "LineString", "coordinates": [ [ -0.3793755, 39.4125267 ], [ -0.3794835, 39.4123538 ], [ -0.3796588, 39.4122019 ], [ -0.379794, 39.4121325 ] ] } },
{ "type": "Feature", "properties": { "element": "way", "id": 424891190, "name": "nan", "bridge": "yes", "ford": "nan", "highway": "trunk_link" }, "geometry": { "type": "LineString", "coordinates": [ [ -0.3581708, 39.4350348 ], [ -0.3581919, 39.4350887 ], [ -0.3582058, 39.4351469 ], [ -0.3582087, 39.4352073 ], [ -0.3581878, 39.4352799 ] ] } },
{ "type": "Feature", "properties": { "element": "way", "id": 425097403, "name": "Camí de Torrent", "bridge": "yes", "ford": "nan", "highway": "tertiary" }, "geometry": { "type": "LineString", "coordinates": [ [ -0.4472183, 39.3758214 ], [ -0.4473689, 39.3761983 ] ] } },
{ "type": "Feature", "properties": { "element": "way", "id": 425622885, "name": "Pont de la Ronda Est", "bridge": "yes", "ford": "nan", "highway": "tertiary" }, "geometry": { "type": "LineString", "coordinates": [ [ -0.4271561, 39.4357976 ], [ -0.4273909, 39.4353364 ], [ -0.4275011, 39.4351276 ] ] } },
{ "type": "Feature", "properties": { "element": "way", "id": 425777884, "name": "Camí de la Mànega", "bridge": "yes", "ford": "nan", "highway": "track" }, "geometry": { "type": "LineString", "coordinates": [ [ -0.3655807, 39.404962 ], [ -0.3656522, 39.4049426 ] ] } },
{ "type": "Feature", "properties": { "element": "way", "id": 425777903, "name": "nan", "bridge": "yes", "ford": "nan", "highway": "track" }, "geometry": { "type": "LineString", "coordinates": [ [ -0.3579649, 39.402663 ], [ -0.3578818, 39.4027086 ] ] } },
{ "type": "Feature", "properties": { "element": "way", "id": 425777905, "name": "nan", "bridge": "yes", "ford": "nan", "highway": "service" }, "geometry": { "type": "LineString", "coordinates": [ [ -0.3549925, 39.3992811 ], [ -0.3550723, 39.3992501 ] ] } },
{ "type": "Feature", "properties": { "element": "way", "id": 425777907, "name": "nan", "bridge": "yes", "ford": "nan", "highway": "track" }, "geometry": { "type": "LineString", "coordinates": [ [ -0.3494588, 39.3942522 ], [ -0.3495064, 39.3941802 ] ] } },
{ "type": "Feature", "properties": { "element": "way", "id": 425777909, "name": "nan", "bridge": "yes", "ford": "nan", "highway": "track" }, "geometry": { "type": "LineString", "coordinates": [ [ -0.3420107, 39.3810828 ], [ -0.3419422, 39.3811004 ] ] } },
{ "type": "Feature", "properties": { "element": "way", "id": 425777911, "name": "nan", "bridge": "yes", "ford": "nan", "highway": "track" }, "geometry": { "type": "LineString", "coordinates": [ [ -0.3356803, 39.3697574 ], [ -0.3356083, 39.3697823 ] ] } },
{ "type": "Feature", "properties": { "element": "way", "id": 425777924, "name": "nan", "bridge": "yes", "ford": "nan", "highway": "track" }, "geometry": { "type": "LineString", "coordinates": [ [ -0.3527039, 39.3965678 ], [ -0.3527754, 39.3965384 ] ] } },
{ "type": "Feature", "properties": { "element": "way", "id": 425777926, "name": "nan", "bridge": "yes", "ford": "nan", "highway": "track" }, "geometry": { "type": "LineString", "coordinates": [ [ -0.3401934, 39.3838871 ], [ -0.3402799, 39.3838722 ] ] } },
{ "type": "Feature", "properties": { "element": "way", "id": 425777930, "name": "nan", "bridge": "yes", "ford": "nan", "highway": "track" }, "geometry": { "type": "LineString", "coordinates": [ [ -0.3411259, 39.3862825 ], [ -0.3412019, 39.3862516 ] ] } },
{ "type": "Feature", "properties": { "element": "way", "id": 425777933, "name": "nan", "bridge": "yes", "ford": "nan", "highway": "track" }, "geometry": { "type": "LineString", "coordinates": [ [ -0.339105, 39.380517 ], [ -0.3391784, 39.3804939 ] ] } },
{ "type": "Feature", "properties": { "element": "way", "id": 425777936, "name": "nan", "bridge": "yes", "ford": "nan", "highway": "track" }, "geometry": { "type": "LineString", "coordinates": [ [ -0.3637053, 39.4090251 ], [ -0.3637642, 39.4090111 ] ] } },
{ "type": "Feature", "properties": { "element": "way", "id": 425777938, "name": "nan", "bridge": "yes", "ford": "nan", "highway": "track" }, "geometry": { "type": "LineString", "coordinates": [ [ -0.3622592, 39.4070257 ], [ -0.3621852, 39.4070587 ] ] } },
{ "type": "Feature", "properties": { "element": "way", "id": 425777941, "name": "nan", "bridge": "yes", "ford": "nan", "highway": "track" }, "geometry": { "type": "LineString", "coordinates": [ [ -0.3627149, 39.4076852 ], [ -0.3627674, 39.4076631 ] ] } },
{ "type": "Feature", "properties": { "element": "way", "id": 425777981, "name": "nan", "bridge": "yes", "ford": "nan", "highway": "track" }, "geometry": { "type": "LineString", "coordinates": [ [ -0.3733099, 39.4057826 ], [ -0.3732707, 39.4058502 ] ] } },
{ "type": "Feature", "properties": { "element": "way", "id": 428944468, "name": "nan", "bridge": "yes", "ford": "nan", "highway": "motorway_link" }, "geometry": { "type": "LineString", "coordinates": [ [ -0.3359958, 39.4274164 ], [ -0.3360978, 39.4273493 ], [ -0.3362048, 39.427294 ], [ -0.3363748, 39.4272264 ] ] } },
{ "type": "Feature", "properties": { "element": "way", "id": 428944512, "name": "nan", "bridge": "yes", "ford": "nan", "highway": "unclassified" }, "geometry": { "type": "LineString", "coordinates": [ [ -0.4244563, 39.5085001 ], [ -0.424538, 39.5086349 ] ] } },
{ "type": "Feature", "properties": { "element": "way", "id": 442192082, "name": "nan", "bridge": "yes", "ford": "nan", "highway": "track" }, "geometry": { "type": "LineString", "coordinates": [ [ -0.3560218, 39.4930007 ], [ -0.3559805, 39.4930324 ] ] } },
{ "type": "Feature", "properties": { "element": "way", "id": 446490796, "name": "Avinguda de Fernando Abril Martorell", "bridge": "yes", "ford": "nan", "highway": "primary" }, "geometry": { "type": "LineString", "coordinates": [ [ -0.3832252, 39.4459255 ], [ -0.3837837, 39.4459859 ] ] } },
{ "type": "Feature", "properties": { "element": "way", "id": 447028092, "name": "Pont d'Aragó", "bridge": "yes", "ford": "nan", "highway": "primary" }, "geometry": { "type": "LineString", "coordinates": [ [ -0.3637984, 39.4687667 ], [ -0.3618477, 39.4688499 ] ] } },
{ "type": "Feature", "properties": { "element": "way", "id": 462535078, "name": "nan", "bridge": "yes", "ford": "nan", "highway": "footway" }, "geometry": { "type": "LineString", "coordinates": [ [ -0.4300191, 39.4103754 ], [ -0.4300053, 39.4103449 ], [ -0.4300174, 39.4102848 ], [ -0.4300461, 39.4102585 ] ] } },
{ "type": "Feature", "properties": { "element": "way", "id": 462535082, "name": "nan", "bridge": "yes", "ford": "nan", "highway": "footway" }, "geometry": { "type": "LineString", "coordinates": [ [ -0.4298241, 39.410631 ], [ -0.4298013, 39.4106254 ] ] } },
{ "type": "Feature", "properties": { "element": "way", "id": 466093927, "name": "nan", "bridge": "yes", "ford": "nan", "highway": "footway" }, "geometry": { "type": "LineString", "coordinates": [ [ -0.4469447, 39.5096621 ], [ -0.446975, 39.5097882 ] ] } },
{ "type": "Feature", "properties": { "element": "way", "id": 466093951, "name": "nan", "bridge": "yes", "ford": "nan", "highway": "cycleway" }, "geometry": { "type": "LineString", "coordinates": [ [ -0.4557006, 39.5068434 ], [ -0.4560006, 39.5066855 ] ] } },
{ "type": "Feature", "properties": { "element": "way", "id": 467787444, "name": "nan", "bridge": "yes", "ford": "nan", "highway": "trunk_link" }, "geometry": { "type": "LineString", "coordinates": [ [ -0.4340981, 39.5083481 ], [ -0.4342206, 39.5083146 ] ] } },
{ "type": "Feature", "properties": { "element": "way", "id": 468909189, "name": "Pista de Silla", "bridge": "yes", "ford": "nan", "highway": "trunk" }, "geometry": { "type": "LineString", "coordinates": [ [ -0.3705078, 39.4345768 ], [ -0.3705341, 39.4342627 ] ] } },
{ "type": "Feature", "properties": { "element": "way", "id": 469051386, "name": "Carretera València - Sueca (pel Saler)", "bridge": "yes", "ford": "nan", "highway": "trunk" }, "geometry": { "type": "LineString", "coordinates": [ [ -0.3419899, 39.4261088 ], [ -0.3419716, 39.4262126 ], [ -0.3419254, 39.4263268 ] ] } },
{ "type": "Feature", "properties": { "element": "way", "id": 469051387, "name": "nan", "bridge": "yes", "ford": "nan", "highway": "trunk_link" }, "geometry": { "type": "LineString", "coordinates": [ [ -0.3419291, 39.4260708 ], [ -0.3419092, 39.4261949 ], [ -0.3419254, 39.4263268 ] ] } },
{ "type": "Feature", "properties": { "element": "way", "id": 469051388, "name": "Carretera València - Sueca (pel Saler)", "bridge": "yes", "ford": "nan", "highway": "trunk" }, "geometry": { "type": "LineString", "coordinates": [ [ -0.3413526, 39.4289686 ], [ -0.3413482, 39.42908 ], [ -0.3412733, 39.4293991 ] ] } },
{ "type": "Feature", "properties": { "element": "way", "id": 469051395, "name": "nan", "bridge": "yes", "ford": "nan", "highway": "trunk" }, "geometry": { "type": "LineString", "coordinates": [ [ -0.4267318, 39.3643758 ], [ -0.4256617, 39.3643882 ] ] } },
{ "type": "Feature", "properties": { "element": "way", "id": 469051418, "name": "Pista de Silla", "bridge": "yes", "ford": "nan", "highway": "motorway" }, "geometry": { "type": "LineString", "coordinates": [ [ -0.414219, 39.3757344 ], [ -0.4154755, 39.3752688 ], [ -0.4160733, 39.3750953 ] ] } },
{ "type": "Feature", "properties": { "element": "way", "id": 469051419, "name": "Pista de Silla", "bridge": "yes", "ford": "nan", "highway": "motorway" }, "geometry": { "type": "LineString", "coordinates": [ [ -0.4160206, 39.374975 ], [ -0.4154299, 39.3751538 ], [ -0.41416, 39.3756183 ] ] } },
{ "type": "Feature", "properties": { "element": "way", "id": 469062644, "name": "Avinguda del Sud", "bridge": "yes", "ford": "nan", "highway": "secondary" }, "geometry": { "type": "LineString", "coordinates": [ [ -0.3966917, 39.4382806 ], [ -0.3967547, 39.4381557 ] ] } },
{ "type": "Feature", "properties": { "element": "way", "id": 470320837, "name": "nan", "bridge": "yes", "ford": "nan", "highway": "tertiary" }, "geometry": { "type": "LineString", "coordinates": [ [ -0.4879121, 39.4442817 ], [ -0.4878978, 39.4443819 ], [ -0.4879212, 39.4444811 ], [ -0.4879748, 39.4445852 ] ] } },
{ "type": "Feature", "properties": { "element": "way", "id": 470320839, "name": "nan", "bridge": "yes", "ford": "nan", "highway": "tertiary" }, "geometry": { "type": "LineString", "coordinates": [ [ -0.4887868, 39.4444605 ], [ -0.4888023, 39.4443625 ], [ -0.4887817, 39.444265 ], [ -0.4887266, 39.4441759 ] ] } },
{ "type": "Feature", "properties": { "element": "way", "id": 474221252, "name": "nan", "bridge": "yes", "ford": "nan", "highway": "secondary_link" }, "geometry": { "type": "LineString", "coordinates": [ [ -0.4697351, 39.4933883 ], [ -0.469847, 39.4934511 ], [ -0.4699422, 39.4934982 ], [ -0.4700444, 39.4935433 ], [ -0.4701794, 39.4935864 ], [ -0.4703373, 39.4936203 ], [ -0.4704683, 39.4936452 ] ] } },
{ "type": "Feature", "properties": { "element": "way", "id": 474221386, "name": "Anell Verd Metropolità", "bridge": "yes", "ford": "nan", "highway": "path" }, "geometry": { "type": "LineString", "coordinates": [ [ -0.4426355, 39.4767827 ], [ -0.4424672, 39.4770425 ], [ -0.4424412, 39.4770309 ], [ -0.4430111, 39.4761314 ], [ -0.442568, 39.4759617 ] ] } },
{ "type": "Feature", "properties": { "element": "way", "id": 474221391, "name": "nan", "bridge": "yes", "ford": "nan", "highway": "cycleway" }, "geometry": { "type": "LineString", "coordinates": [ [ -0.4250702, 39.4696867 ], [ -0.4252209, 39.469615 ] ] } },
{ "type": "Feature", "properties": { "element": "way", "id": 474221393, "name": "Autovía del Este / Autovia de l'Est", "bridge": "yes", "ford": "nan", "highway": "motorway" }, "geometry": { "type": "LineString", "coordinates": [ [ -0.4238803, 39.4696782 ], [ -0.4234622, 39.4696271 ], [ -0.4204548, 39.4692307 ] ] } },
{ "type": "Feature", "properties": { "element": "way", "id": 474221399, "name": "nan", "bridge": "yes", "ford": "nan", "highway": "path" }, "geometry": { "type": "LineString", "coordinates": [ [ -0.4205898, 39.4694593 ], [ -0.4245597, 39.4699879 ] ] } },
{ "type": "Feature", "properties": { "element": "way", "id": 474221401, "name": "Autovía del Este / Autovia de l'Est", "bridge": "yes", "ford": "nan", "highway": "motorway" }, "geometry": { "type": "LineString", "coordinates": [ [ -0.4243628, 39.4697394 ], [ -0.4238803, 39.4696782 ] ] } },
{ "type": "Feature", "properties": { "element": "way", "id": 474221404, "name": "Autovía del Este / Autovia de l'Est", "bridge": "yes", "ford": "nan", "highway": "motorway" }, "geometry": { "type": "LineString", "coordinates": [ [ -0.4205409, 39.4693765 ], [ -0.4244912, 39.4699014 ] ] } },
{ "type": "Feature", "properties": { "element": "way", "id": 474221407, "name": "nan", "bridge": "yes", "ford": "nan", "highway": "unclassified" }, "geometry": { "type": "LineString", "coordinates": [ [ -0.4849931, 39.4746623 ], [ -0.4841982, 39.4746409 ], [ -0.483438, 39.4745771 ] ] } },
{ "type": "Feature", "properties": { "element": "way", "id": 474221408, "name": "nan", "bridge": "yes", "ford": "nan", "highway": "unclassified" }, "geometry": { "type": "LineString", "coordinates": [ [ -0.4761638, 39.4709982 ], [ -0.4764112, 39.4709475 ] ] } },
{ "type": "Feature", "properties": { "element": "way", "id": 474221410, "name": "nan", "bridge": "yes", "ford": "nan", "highway": "unclassified" }, "geometry": { "type": "LineString", "coordinates": [ [ -0.4763231, 39.4708746 ], [ -0.4760862, 39.4709176 ] ] } },
{ "type": "Feature", "properties": { "element": "way", "id": 474221414, "name": "nan", "bridge": "yes", "ford": "nan", "highway": "secondary_link" }, "geometry": { "type": "LineString", "coordinates": [ [ -0.4776039, 39.4723106 ], [ -0.4776907, 39.4722826 ], [ -0.4777876, 39.4722728 ], [ -0.4779013, 39.4722743 ], [ -0.4780304, 39.4723049 ] ] } },
{ "type": "Feature", "properties": { "element": "way", "id": 474221420, "name": "Ronda Sud-oest d'Alaquàs i Oest d'Aldaia", "bridge": "yes", "ford": "nan", "highway": "secondary" }, "geometry": { "type": "LineString", "coordinates": [ [ -0.4855423, 39.4754073 ], [ -0.4848649, 39.4751383 ] ] } },
{ "type": "Feature", "properties": { "element": "way", "id": 474682899, "name": "Ronda Sud-oest d'Alaquàs i Oest d'Aldaia", "bridge": "yes", "ford": "nan", "highway": "secondary" }, "geometry": { "type": "LineString", "coordinates": [ [ -0.4754889, 39.4704701 ], [ -0.4755671, 39.4702883 ] ] } },
{ "type": "Feature", "properties": { "element": "way", "id": 474682901, "name": "Ronda Sud-oest d'Alaquàs i Oest d'Aldaia", "bridge": "yes", "ford": "nan", "highway": "secondary" }, "geometry": { "type": "LineString", "coordinates": [ [ -0.4754464, 39.4701843 ], [ -0.4753574, 39.4703682 ] ] } },
{ "type": "Feature", "properties": { "element": "way", "id": 476259823, "name": "nan", "bridge": "yes", "ford": "nan", "highway": "cycleway" }, "geometry": { "type": "LineString", "coordinates": [ [ -0.3668295, 39.4727599 ], [ -0.3652604, 39.4735209 ] ] } },
{ "type": "Feature", "properties": { "element": "way", "id": 479386827, "name": "nan", "bridge": "yes", "ford": "nan", "highway": "footway" }, "geometry": { "type": "LineString", "coordinates": [ [ -0.413383, 39.5046494 ], [ -0.4132519, 39.5048779 ] ] } },
{ "type": "Feature", "properties": { "element": "way", "id": 479386828, "name": "nan", "bridge": "yes", "ford": "nan", "highway": "footway" }, "geometry": { "type": "LineString", "coordinates": [ [ -0.4132009, 39.504976 ], [ -0.4130634, 39.505201 ] ] } },
{ "type": "Feature", "properties": { "element": "way", "id": 481233802, "name": "nan", "bridge": "yes", "ford": "nan", "highway": "primary_link" }, "geometry": { "type": "LineString", "coordinates": [ [ -0.4584744, 39.5081267 ], [ -0.458702, 39.5079766 ], [ -0.4587557, 39.5079308 ] ] } },
{ "type": "Feature", "properties": { "element": "way", "id": 481233837, "name": "Circumval·lació de València", "bridge": "yes", "ford": "nan", "highway": "motorway" }, "geometry": { "type": "LineString", "coordinates": [ [ -0.4560413, 39.5016746 ], [ -0.4559048, 39.5015096 ] ] } },
{ "type": "Feature", "properties": { "element": "way", "id": 481233838, "name": "Circumval·lació de València", "bridge": "yes", "ford": "nan", "highway": "motorway" }, "geometry": { "type": "LineString", "coordinates": [ [ -0.4557725, 39.5015969 ], [ -0.4559154, 39.5017617 ] ] } },
{ "type": "Feature", "properties": { "element": "way", "id": 481233854, "name": "nan", "bridge": "yes", "ford": "nan", "highway": "motorway_link" }, "geometry": { "type": "LineString", "coordinates": [ [ -0.4809107, 39.516261 ], [ -0.4810526, 39.5162783 ] ] } },
{ "type": "Feature", "properties": { "element": "way", "id": 484403222, "name": "Camí Nou de Paterna", "bridge": "yes", "ford": "nan", "highway": "tertiary" }, "geometry": { "type": "LineString", "coordinates": [ [ -0.4294327, 39.4980404 ], [ -0.4295571, 39.4980453 ] ] } },
{ "type": "Feature", "properties": { "element": "way", "id": 496427102, "name": "nan", "bridge": "yes", "ford": "nan", "highway": "track" }, "geometry": { "type": "LineString", "coordinates": [ [ -0.3706793, 39.4117459 ], [ -0.3706408, 39.4117309 ] ] } },
{ "type": "Feature", "properties": { "element": "way", "id": 516051598, "name": "Pont dels Serrans", "bridge": "yes", "ford": "nan", "highway": "nan" }, "geometry": { "type": "Polygon", "coordinates": [ [ [ -0.3749921, 39.4813104 ], [ -0.3750497, 39.4811832 ], [ -0.3750269, 39.4811646 ], [ -0.3750602, 39.4811601 ], [ -0.3751206, 39.4810269 ], [ -0.3750503, 39.4810101 ], [ -0.3750623, 39.4809828 ], [ -0.3751329, 39.4809997 ], [ -0.3751885, 39.4808771 ], [ -0.3751604, 39.4808522 ], [ -0.3752023, 39.4808467 ], [ -0.3752592, 39.480721 ], [ -0.3752392, 39.4806988 ], [ -0.3752705, 39.4806962 ], [ -0.3753289, 39.4805673 ], [ -0.3753074, 39.4805472 ], [ -0.3753391, 39.4805447 ], [ -0.3753975, 39.480416 ], [ -0.3753697, 39.4803933 ], [ -0.37541, 39.4803884 ], [ -0.3754651, 39.4802668 ], [ -0.3754332, 39.4802389 ], [ -0.3754789, 39.4802364 ], [ -0.3755347, 39.4801131 ], [ -0.3755046, 39.4800862 ], [ -0.3755494, 39.4800807 ], [ -0.3756081, 39.4799513 ], [ -0.3756668, 39.4799688 ], [ -0.3757223, 39.4799853 ], [ -0.3756667, 39.4801091 ], [ -0.3756904, 39.480132 ], [ -0.3756548, 39.4801355 ], [ -0.3755961, 39.4802662 ], [ -0.3756223, 39.480286 ], [ -0.375585, 39.4802909 ], [ -0.3755281, 39.4804176 ], [ -0.3755539, 39.4804393 ], [ -0.375517, 39.4804422 ], [ -0.375459, 39.4805713 ], [ -0.3754886, 39.4805933 ], [ -0.3754476, 39.4805967 ], [ -0.3753897, 39.4807256 ], [ -0.3754182, 39.4807471 ], [ -0.3753785, 39.4807505 ], [ -0.3753209, 39.4808786 ], [ -0.3753507, 39.4809015 ], [ -0.3753089, 39.4809054 ], [ -0.3752505, 39.4810353 ], [ -0.3752806, 39.4810549 ], [ -0.3752401, 39.4810585 ], [ -0.3751819, 39.481188 ], [ -0.3752099, 39.4812089 ], [ -0.3751703, 39.481214 ], [ -0.3751144, 39.4813384 ], [ -0.3750525, 39.4813243 ], [ -0.3749921, 39.4813104 ] ] ] } },
{ "type": "Feature", "properties": { "element": "way", "id": 521635729, "name": "nan", "bridge": "yes", "ford": "nan", "highway": "footway" }, "geometry": { "type": "LineString", "coordinates": [ [ -0.3723644, 39.4793554 ], [ -0.3723277, 39.4793379 ] ] } },
{ "type": "Feature", "properties": { "element": "way", "id": 527226930, "name": "nan", "bridge": "yes", "ford": "nan", "highway": "track" }, "geometry": { "type": "LineString", "coordinates": [ [ -0.3918107, 39.3680749 ], [ -0.3917178, 39.3680473 ] ] } },
{ "type": "Feature", "properties": { "element": "way", "id": 527230322, "name": "nan", "bridge": "yes", "ford": "nan", "highway": "track" }, "geometry": { "type": "LineString", "coordinates": [ [ -0.3812131, 39.3581744 ], [ -0.3812304, 39.3581332 ] ] } },
{ "type": "Feature", "properties": { "element": "way", "id": 527231738, "name": "nan", "bridge": "yes", "ford": "nan", "highway": "track" }, "geometry": { "type": "LineString", "coordinates": [ [ -0.3864429, 39.3717256 ], [ -0.3864161, 39.371777 ] ] } },
{ "type": "Feature", "properties": { "element": "way", "id": 530853954, "name": "nan", "bridge": "yes", "ford": "nan", "highway": "tertiary" }, "geometry": { "type": "LineString", "coordinates": [ [ -0.4737056, 39.4918904 ], [ -0.4735708, 39.4918096 ], [ -0.4733803, 39.4917214 ], [ -0.4732223, 39.4916719 ], [ -0.4729863, 39.4916332 ] ] } },
{ "type": "Feature", "properties": { "element": "way", "id": 530853962, "name": "nan", "bridge": "yes", "ford": "nan", "highway": "footway" }, "geometry": { "type": "LineString", "coordinates": [ [ -0.4733622, 39.4917499 ], [ -0.4733803, 39.4917214 ], [ -0.4734538, 39.4916076 ], [ -0.4734708, 39.4915813 ] ] } },
{ "type": "Feature", "properties": { "element": "way", "id": 530853990, "name": "nan", "bridge": "yes", "ford": "nan", "highway": "footway" }, "geometry": { "type": "LineString", "coordinates": [ [ -0.4970583, 39.5031719 ], [ -0.4966877, 39.5030326 ], [ -0.4966162, 39.5031457 ], [ -0.4969902, 39.5032863 ] ] } },
{ "type": "Feature", "properties": { "element": "way", "id": 530854000, "name": "nan", "bridge": "yes", "ford": "nan", "highway": "trunk_link" }, "geometry": { "type": "LineString", "coordinates": [ [ -0.4714178, 39.4915922 ], [ -0.4712168, 39.4915815 ], [ -0.4707562, 39.4915616 ], [ -0.4704952, 39.491533 ] ] } },
{ "type": "Feature", "properties": { "element": "way", "id": 536721745, "name": "nan", "bridge": "yes", "ford": "nan", "highway": "service" }, "geometry": { "type": "LineString", "coordinates": [ [ -0.4731681, 39.4929993 ], [ -0.4732053, 39.4930453 ], [ -0.473271, 39.4930646 ], [ -0.4733384, 39.4930494 ], [ -0.4733803, 39.4930059 ], [ -0.4733796, 39.4929516 ], [ -0.4733366, 39.4929088 ], [ -0.4732553, 39.4928997 ] ] } },
{ "type": "Feature", "properties": { "element": "way", "id": 536721748, "name": "nan", "bridge": "yes", "ford": "nan", "highway": "service" }, "geometry": { "type": "LineString", "coordinates": [ [ -0.4732553, 39.4928997 ], [ -0.4731875, 39.4929315 ], [ -0.4731672, 39.4929907 ], [ -0.4732058, 39.4930442 ], [ -0.4732817, 39.493062 ], [ -0.4733524, 39.4930341 ], [ -0.4733782, 39.4929763 ], [ -0.4733338, 39.492917 ], [ -0.473252, 39.4928905 ] ] } },
{ "type": "Feature", "properties": { "element": "way", "id": 536721762, "name": "nan", "bridge": "yes", "ford": "nan", "highway": "path" }, "geometry": { "type": "LineString", "coordinates": [ [ -0.4576425, 39.4812819 ], [ -0.4580865, 39.4819946 ] ] } },
{ "type": "Feature", "properties": { "element": "way", "id": 538966394, "name": "nan", "bridge": "yes", "ford": "nan", "highway": "cycleway" }, "geometry": { "type": "LineString", "coordinates": [ [ -0.4170642, 39.4280182 ], [ -0.4167188, 39.4284405 ] ] } },
{ "type": "Feature", "properties": { "element": "way", "id": 542855171, "name": "nan", "bridge": "yes", "ford": "nan", "highway": "footway" }, "geometry": { "type": "LineString", "coordinates": [ [ -0.4104959, 39.4784108 ], [ -0.4104604, 39.4784445 ] ] } },
{ "type": "Feature", "properties": { "element": "way", "id": 548110071, "name": "Acceso Noroeste de Paterna", "bridge": "yes", "ford": "nan", "highway": "primary" }, "geometry": { "type": "LineString", "coordinates": [ [ -0.4331063, 39.508659 ], [ -0.4334216, 39.5085264 ] ] } },
{ "type": "Feature", "properties": { "element": "way", "id": 548520617, "name": "nan", "bridge": "yes", "ford": "nan", "highway": "footway" }, "geometry": { "type": "LineString", "coordinates": [ [ -0.396939, 39.4762853 ], [ -0.3968822, 39.4762592 ], [ -0.3968667, 39.4762429 ], [ -0.3960999, 39.4751756 ], [ -0.3961066, 39.4751027 ] ] } },
{ "type": "Feature", "properties": { "element": "way", "id": 548520639, "name": "Carril bici eix Regne de València", "bridge": "yes", "ford": "nan", "highway": "cycleway" }, "geometry": { "type": "LineString", "coordinates": [ [ -0.3578203, 39.4614435 ], [ -0.3601769, 39.461955 ] ] } },
{ "type": "Feature", "properties": { "element": "way", "id": 549403918, "name": "nan", "bridge": "yes", "ford": "nan", "highway": "trunk_link" }, "geometry": { "type": "LineString", "coordinates": [ [ -0.4331063, 39.508659 ], [ -0.4332615, 39.5086376 ], [ -0.4334292, 39.5085718 ] ] } },
{ "type": "Feature", "properties": { "element": "way", "id": 551259042, "name": "nan", "bridge": "yes", "ford": "nan", "highway": "footway" }, "geometry": { "type": "LineString", "coordinates": [ [ -0.466082, 39.4265412 ], [ -0.4659465, 39.42668 ], [ -0.4658513, 39.4266448 ], [ -0.4659665, 39.4264582 ], [ -0.4660237, 39.4264872 ], [ -0.4661665, 39.4263516 ] ] } },
{ "type": "Feature", "properties": { "element": "way", "id": 551259043, "name": "nan", "bridge": "yes", "ford": "nan", "highway": "footway" }, "geometry": { "type": "LineString", "coordinates": [ [ -0.4667916, 39.4257968 ], [ -0.4669195, 39.4259634 ], [ -0.4669334, 39.425961 ] ] } },
{ "type": "Feature", "properties": { "element": "way", "id": 551259044, "name": "nan", "bridge": "yes", "ford": "nan", "highway": "footway" }, "geometry": { "type": "LineString", "coordinates": [ [ -0.4669334, 39.425961 ], [ -0.4668517, 39.425754 ], [ -0.4669087, 39.4257326 ], [ -0.4669642, 39.425817 ], [ -0.4672245, 39.4257302 ] ] } },
{ "type": "Feature", "properties": { "element": "way", "id": 552414208, "name": "nan", "bridge": "yes", "ford": "nan", "highway": "footway" }, "geometry": { "type": "LineString", "coordinates": [ [ -0.4159709, 39.3670708 ], [ -0.4158716, 39.3670405 ] ] } },
{ "type": "Feature", "properties": { "element": "way", "id": 554575394, "name": "Carrera del Riu", "bridge": "yes", "ford": "nan", "highway": "tertiary" }, "geometry": { "type": "LineString", "coordinates": [ [ -0.341172, 39.4408556 ], [ -0.3409764, 39.4411754 ] ] } },
{ "type": "Feature", "properties": { "element": "way", "id": 558581564, "name": "nan", "bridge": "yes", "ford": "nan", "highway": "trunk_link" }, "geometry": { "type": "LineString", "coordinates": [ [ -0.4293013, 39.4760665 ], [ -0.4294154, 39.4758055 ] ] } },
{ "type": "Feature", "properties": { "element": "way", "id": 558581583, "name": "nan", "bridge": "yes", "ford": "nan", "highway": "motorway_link" }, "geometry": { "type": "LineString", "coordinates": [ [ -0.4254524, 39.4694349 ], [ -0.4254466, 39.4694887 ], [ -0.4254321, 39.46953 ] ] } },
{ "type": "Feature", "properties": { "element": "way", "id": 558581585, "name": "nan", "bridge": "yes", "ford": "nan", "highway": "cycleway" }, "geometry": { "type": "LineString", "coordinates": [ [ -0.4253359, 39.4695602 ], [ -0.4253756, 39.4695205 ], [ -0.4253957, 39.4694519 ] ] } },
{ "type": "Feature", "properties": { "element": "way", "id": 558581600, "name": "nan", "bridge": "yes", "ford": "nan", "highway": "motorway_link" }, "geometry": { "type": "LineString", "coordinates": [ [ -0.425456, 39.4696671 ], [ -0.4253514, 39.4696929 ], [ -0.4252769, 39.4697202 ] ] } },
{ "type": "Feature", "properties": { "element": "way", "id": 558581619, "name": "nan", "bridge": "yes", "ford": "nan", "highway": "residential" }, "geometry": { "type": "LineString", "coordinates": [ [ -0.3356161, 39.4380817 ], [ -0.3357107, 39.4376314 ] ] } },
{ "type": "Feature", "properties": { "element": "way", "id": 566742879, "name": "nan", "bridge": "yes", "ford": "nan", "highway": "footway" }, "geometry": { "type": "LineString", "coordinates": [ [ -0.393286, 39.4473125 ], [ -0.3933178, 39.4473153 ] ] } },
{ "type": "Feature", "properties": { "element": "way", "id": 568370084, "name": "nan", "bridge": "yes", "ford": "nan", "highway": "cycleway" }, "geometry": { "type": "LineString", "coordinates": [ [ -0.3404676, 39.4454933 ], [ -0.3406912, 39.4455017 ], [ -0.340693, 39.4454731 ] ] } },
{ "type": "Feature", "properties": { "element": "way", "id": 568471380, "name": "nan", "bridge": "yes", "ford": "nan", "highway": "unclassified" }, "geometry": { "type": "LineString", "coordinates": [ [ -0.4730617, 39.4073916 ], [ -0.4727714, 39.4073438 ] ] } },
{ "type": "Feature", "properties": { "element": "way", "id": 584446785, "name": "Carrer dels Teixidors", "bridge": "yes", "ford": "nan", "highway": "tertiary" }, "geometry": { "type": "LineString", "coordinates": [ [ -0.488369, 39.4414444 ], [ -0.4883699, 39.4409284 ] ] } },
{ "type": "Feature", "properties": { "element": "way", "id": 584446789, "name": "nan", "bridge": "yes", "ford": "nan", "highway": "unclassified" }, "geometry": { "type": "LineString", "coordinates": [ [ -0.4930685, 39.4439961 ], [ -0.4930919, 39.4436414 ] ] } },
{ "type": "Feature", "properties": { "element": "way", "id": 584446791, "name": "nan", "bridge": "yes", "ford": "nan", "highway": "unclassified" }, "geometry": { "type": "LineString", "coordinates": [ [ -0.4928794, 39.4447009 ], [ -0.4930142, 39.4442141 ] ] } },
{ "type": "Feature", "properties": { "element": "way", "id": 588508837, "name": "nan", "bridge": "yes", "ford": "nan", "highway": "footway" }, "geometry": { "type": "LineString", "coordinates": [ [ -0.4132519, 39.5048779 ], [ -0.4133116, 39.5048977 ], [ -0.4132585, 39.5049946 ], [ -0.4132009, 39.504976 ], [ -0.4131458, 39.5049586 ], [ -0.413199, 39.5048607 ], [ -0.4132519, 39.5048779 ] ] } },
{ "type": "Feature", "properties": { "element": "way", "id": 625674508, "name": "Pont de les Drassanes", "bridge": "yes", "ford": "nan", "highway": "secondary" }, "geometry": { "type": "LineString", "coordinates": [ [ -0.3309451, 39.4540349 ], [ -0.3311754, 39.4537876 ], [ -0.3320157, 39.452863 ] ] } },
{ "type": "Feature", "properties": { "element": "way", "id": 633975019, "name": "Carretera del Monjo", "bridge": "yes", "ford": "nan", "highway": "residential" }, "geometry": { "type": "LineString", "coordinates": [ [ -0.3567366, 39.4307556 ], [ -0.3567522, 39.4307208 ], [ -0.3567701, 39.430681 ] ] } },
{ "type": "Feature", "properties": { "element": "way", "id": 635819790, "name": "nan", "bridge": "yes", "ford": "nan", "highway": "cycleway" }, "geometry": { "type": "LineString", "coordinates": [ [ -0.4323166, 39.481363 ], [ -0.4305067, 39.4821564 ] ] } },
{ "type": "Feature", "properties": { "element": "way", "id": 635819791, "name": "nan", "bridge": "yes", "ford": "nan", "highway": "cycleway" }, "geometry": { "type": "LineString", "coordinates": [ [ -0.429715, 39.4823602 ], [ -0.429557, 39.482353 ], [ -0.4294049, 39.4823312 ], [ -0.4292661, 39.4822954 ], [ -0.4291454, 39.4822486 ] ] } },
{ "type": "Feature", "properties": { "element": "way", "id": 636803211, "name": "nan", "bridge": "yes", "ford": "nan", "highway": "footway" }, "geometry": { "type": "LineString", "coordinates": [ [ -0.464858, 39.461459 ], [ -0.4646997, 39.4616077 ] ] } },
{ "type": "Feature", "properties": { "element": "way", "id": 642984501, "name": "Pont de Fusta", "bridge": "yes", "ford": "nan", "highway": "cycleway" }, "geometry": { "type": "LineString", "coordinates": [ [ -0.3737093, 39.4804453 ], [ -0.3742361, 39.4797737 ], [ -0.3746585, 39.4792652 ] ] } },
{ "type": "Feature", "properties": { "element": "way", "id": 656100129, "name": "Línea de Alta Velocidad Madrid - Cuenca - Valencia", "bridge": "yes", "ford": "nan", "highway": "nan" }, "geometry": { "type": "LineString", "coordinates": [ [ -0.4083346, 39.4448836 ], [ -0.4078258, 39.4448584 ], [ -0.406251, 39.4448038 ] ] } },
{ "type": "Feature", "properties": { "element": "way", "id": 656100130, "name": "Línea de Alta Velocidad Madrid - Cuenca - Valencia", "bridge": "yes", "ford": "nan", "highway": "nan" }, "geometry": { "type": "LineString", "coordinates": [ [ -0.4062607, 39.4448411 ], [ -0.4078243, 39.4448997 ], [ -0.4083321, 39.4449216 ] ] } },
{ "type": "Feature", "properties": { "element": "way", "id": 657409243, "name": "nan", "bridge": "yes", "ford": "nan", "highway": "track" }, "geometry": { "type": "LineString", "coordinates": [ [ -0.3473273, 39.4543665 ], [ -0.3474601, 39.4541552 ], [ -0.3474104, 39.4540703 ] ] } },
{ "type": "Feature", "properties": { "element": "way", "id": 658253212, "name": "nan", "bridge": "yes", "ford": "nan", "highway": "track" }, "geometry": { "type": "LineString", "coordinates": [ [ -0.3539537, 39.5088657 ], [ -0.3539577, 39.5087084 ] ] } },
{ "type": "Feature", "properties": { "element": "way", "id": 658475588, "name": "nan", "bridge": "yes", "ford": "nan", "highway": "cycleway" }, "geometry": { "type": "LineString", "coordinates": [ [ -0.3960455, 39.4751312 ], [ -0.3968843, 39.4763081 ] ] } },
{ "type": "Feature", "properties": { "element": "way", "id": 663800346, "name": "Carril Bici Grans Vies", "bridge": "yes", "ford": "nan", "highway": "cycleway" }, "geometry": { "type": "LineString", "coordinates": [ [ -0.3901517, 39.4777225 ], [ -0.3908719, 39.4787269 ], [ -0.3908765, 39.4787423 ], [ -0.3908837, 39.4787751 ] ] } },
{ "type": "Feature", "properties": { "element": "way", "id": 688717735, "name": "nan", "bridge": "yes", "ford": "nan", "highway": "unclassified" }, "geometry": { "type": "LineString", "coordinates": [ [ -0.3538242, 39.5088541 ], [ -0.3538106, 39.5086602 ] ] } },
{ "type": "Feature", "properties": { "element": "way", "id": 693536907, "name": "Carretera dels Mauros", "bridge": "yes", "ford": "nan", "highway": "residential" }, "geometry": { "type": "LineString", "coordinates": [ [ -0.3579636, 39.4310536 ], [ -0.3579363, 39.4310918 ], [ -0.3579163, 39.4311197 ] ] } },
{ "type": "Feature", "properties": { "element": "way", "id": 693540691, "name": "Carrer del Guadiana", "bridge": "yes", "ford": "nan", "highway": "residential" }, "geometry": { "type": "LineString", "coordinates": [ [ -0.3541738, 39.430039 ], [ -0.3541735, 39.4301517 ] ] } },
{ "type": "Feature", "properties": { "element": "way", "id": 693540695, "name": "Camí del Brosquil", "bridge": "yes", "ford": "nan", "highway": "residential" }, "geometry": { "type": "LineString", "coordinates": [ [ -0.3505127, 39.4284363 ], [ -0.3504882, 39.4285356 ] ] } },
{ "type": "Feature", "properties": { "element": "way", "id": 695976064, "name": "nan", "bridge": "yes", "ford": "nan", "highway": "track" }, "geometry": { "type": "LineString", "coordinates": [ [ -0.3462298, 39.3641392 ], [ -0.3463046, 39.3642518 ] ] } },
{ "type": "Feature", "properties": { "element": "way", "id": 695976065, "name": "nan", "bridge": "yes", "ford": "nan", "highway": "track" }, "geometry": { "type": "LineString", "coordinates": [ [ -0.3441654, 39.3652216 ], [ -0.3442804, 39.365172 ] ] } },
{ "type": "Feature", "properties": { "element": "way", "id": 695976067, "name": "nan", "bridge": "yes", "ford": "nan", "highway": "track" }, "geometry": { "type": "LineString", "coordinates": [ [ -0.3480894, 39.3668471 ], [ -0.3482059, 39.3667931 ] ] } },
{ "type": "Feature", "properties": { "element": "way", "id": 695976069, "name": "nan", "bridge": "yes", "ford": "nan", "highway": "track" }, "geometry": { "type": "LineString", "coordinates": [ [ -0.3483562, 39.3668617 ], [ -0.3482728, 39.3667661 ] ] } },
{ "type": "Feature", "properties": { "element": "way", "id": 695976075, "name": "nan", "bridge": "yes", "ford": "nan", "highway": "track" }, "geometry": { "type": "LineString", "coordinates": [ [ -0.3463046, 39.3642518 ], [ -0.3464358, 39.3641951 ] ] } },
{ "type": "Feature", "properties": { "element": "way", "id": 695976084, "name": "nan", "bridge": "yes", "ford": "nan", "highway": "track" }, "geometry": { "type": "LineString", "coordinates": [ [ -0.3761275, 39.3927113 ], [ -0.376049, 39.3928396 ] ] } },
{ "type": "Feature", "properties": { "element": "way", "id": 695976086, "name": "nan", "bridge": "yes", "ford": "nan", "highway": "track" }, "geometry": { "type": "LineString", "coordinates": [ [ -0.3789753, 39.3881974 ], [ -0.3789351, 39.3882577 ] ] } },
{ "type": "Feature", "properties": { "element": "way", "id": 695976090, "name": "nan", "bridge": "yes", "ford": "nan", "highway": "track" }, "geometry": { "type": "LineString", "coordinates": [ [ -0.3820723, 39.3892536 ], [ -0.3820973, 39.3891794 ] ] } },
{ "type": "Feature", "properties": { "element": "way", "id": 695976092, "name": "nan", "bridge": "yes", "ford": "nan", "highway": "track" }, "geometry": { "type": "LineString", "coordinates": [ [ -0.3443227, 39.3651531 ], [ -0.344255, 39.3650492 ] ] } },
{ "type": "Feature", "properties": { "element": "way", "id": 695976095, "name": "nan", "bridge": "yes", "ford": "nan", "highway": "footway" }, "geometry": { "type": "LineString", "coordinates": [ [ -0.349061, 39.3644579 ], [ -0.3490816, 39.3643584 ] ] } },
{ "type": "Feature", "properties": { "element": "way", "id": 695976097, "name": "nan", "bridge": "yes", "ford": "nan", "highway": "track" }, "geometry": { "type": "LineString", "coordinates": [ [ -0.3814801, 39.3842025 ], [ -0.3814163, 39.3843281 ] ] } },
{ "type": "Feature", "properties": { "element": "way", "id": 695976099, "name": "nan", "bridge": "yes", "ford": "nan", "highway": "service" }, "geometry": { "type": "LineString", "coordinates": [ [ -0.386222, 39.3913853 ], [ -0.3862515, 39.3913107 ] ] } },
{ "type": "Feature", "properties": { "element": "way", "id": 695976106, "name": "nan", "bridge": "yes", "ford": "nan", "highway": "track" }, "geometry": { "type": "LineString", "coordinates": [ [ -0.3891678, 39.3814036 ], [ -0.3891649, 39.3813666 ] ] } },
{ "type": "Feature", "properties": { "element": "way", "id": 695979979, "name": "Pista de Silla", "bridge": "yes", "ford": "nan", "highway": "motorway" }, "geometry": { "type": "LineString", "coordinates": [ [ -0.3860391, 39.4017426 ], [ -0.3858011, 39.4020943 ] ] } },
{ "type": "Feature", "properties": { "element": "way", "id": 695979980, "name": "Pista de Silla", "bridge": "yes", "ford": "nan", "highway": "motorway" }, "geometry": { "type": "LineString", "coordinates": [ [ -0.3860323, 39.4021071 ], [ -0.3862581, 39.4017699 ] ] } },
{ "type": "Feature", "properties": { "element": "way", "id": 695979982, "name": "nan", "bridge": "yes", "ford": "nan", "highway": "tertiary" }, "geometry": { "type": "LineString", "coordinates": [ [ -0.386218, 39.4021042 ], [ -0.3864433, 39.4017759 ] ] } },
{ "type": "Feature", "properties": { "element": "way", "id": 706056318, "name": "nan", "bridge": "yes", "ford": "nan", "highway": "footway" }, "geometry": { "type": "LineString", "coordinates": [ [ -0.4081454, 39.5002128 ], [ -0.4081986, 39.5001644 ] ] } },
{ "type": "Feature", "properties": { "element": "way", "id": 706056325, "name": "nan", "bridge": "yes", "ford": "nan", "highway": "service" }, "geometry": { "type": "LineString", "coordinates": [ [ -0.4083056, 39.5003126 ], [ -0.4083594, 39.5002647 ] ] } },
{ "type": "Feature", "properties": { "element": "way", "id": 706056327, "name": "nan", "bridge": "yes", "ford": "nan", "highway": "service" }, "geometry": { "type": "LineString", "coordinates": [ [ -0.4080485, 39.5000587 ], [ -0.4079968, 39.5001046 ] ] } },
{ "type": "Feature", "properties": { "element": "way", "id": 715364151, "name": "nan", "bridge": "yes", "ford": "nan", "highway": "footway" }, "geometry": { "type": "LineString", "coordinates": [ [ -0.3641695, 39.5110212 ], [ -0.3639735, 39.5113501 ] ] } },
{ "type": "Feature", "properties": { "element": "way", "id": 715877267, "name": "nan", "bridge": "yes", "ford": "nan", "highway": "footway" }, "geometry": { "type": "LineString", "coordinates": [ [ -0.3310658, 39.4540648 ], [ -0.3321173, 39.4529194 ] ] } },
{ "type": "Feature", "properties": { "element": "way", "id": 722674933, "name": "nan", "bridge": "yes", "ford": "nan", "highway": "path" }, "geometry": { "type": "LineString", "coordinates": [ [ -0.4998138, 39.4317272 ], [ -0.5000497, 39.4317322 ] ] } },
{ "type": "Feature", "properties": { "element": "way", "id": 724811272, "name": "nan", "bridge": "yes", "ford": "nan", "highway": "footway" }, "geometry": { "type": "LineString", "coordinates": [ [ -0.3528945, 39.4559822 ], [ -0.3528677, 39.4560064 ], [ -0.3511934, 39.4548904 ], [ -0.3512129, 39.4548701 ] ] } },
{ "type": "Feature", "properties": { "element": "way", "id": 724811278, "name": "nan", "bridge": "yes", "ford": "nan", "highway": "footway" }, "geometry": { "type": "LineString", "coordinates": [ [ -0.3502316, 39.455486 ], [ -0.3501988, 39.4555163 ], [ -0.3522266, 39.4568576 ], [ -0.3522581, 39.45683 ] ] } },
{ "type": "Feature", "properties": { "element": "way", "id": 727464855, "name": "nan", "bridge": "yes", "ford": "nan", "highway": "footway" }, "geometry": { "type": "LineString", "coordinates": [ [ -0.3903898, 39.436334 ], [ -0.3894588, 39.4387102 ] ] } },
{ "type": "Feature", "properties": { "element": "way", "id": 727464860, "name": "nan", "bridge": "yes", "ford": "nan", "highway": "footway" }, "geometry": { "type": "LineString", "coordinates": [ [ -0.3902791, 39.4363127 ], [ -0.3893522, 39.4386841 ] ] } },
{ "type": "Feature", "properties": { "element": "way", "id": 730445407, "name": "nan", "bridge": "yes", "ford": "nan", "highway": "cycleway" }, "geometry": { "type": "LineString", "coordinates": [ [ -0.3319329, 39.4528171 ], [ -0.3310807, 39.4537489 ], [ -0.3308486, 39.454011 ] ] } },
{ "type": "Feature", "properties": { "element": "way", "id": 738636971, "name": "nan", "bridge": "yes", "ford": "nan", "highway": "footway" }, "geometry": { "type": "LineString", "coordinates": [ [ -0.3731428, 39.4783884 ], [ -0.373132, 39.4784018 ], [ -0.3728645, 39.4787334 ], [ -0.3723644, 39.4793554 ], [ -0.3721811, 39.479584 ] ] } },
{ "type": "Feature", "properties": { "element": "way", "id": 738636974, "name": "nan", "bridge": "yes", "ford": "nan", "highway": "footway" }, "geometry": { "type": "LineString", "coordinates": [ [ -0.373132, 39.4784018 ], [ -0.3731719, 39.4784215 ], [ -0.3732063, 39.4784386 ] ] } },
{ "type": "Feature", "properties": { "element": "way", "id": 738636975, "name": "nan", "bridge": "yes", "ford": "nan", "highway": "footway" }, "geometry": { "type": "LineString", "coordinates": [ [ -0.3732177, 39.4784264 ], [ -0.3732063, 39.4784386 ], [ -0.3722452, 39.4796279 ] ] } },
{ "type": "Feature", "properties": { "element": "way", "id": 738978514, "name": "Pont de l'Assut de l'Or", "bridge": "yes", "ford": "nan", "highway": "footway" }, "geometry": { "type": "LineString", "coordinates": [ [ -0.3481683, 39.4558016 ], [ -0.3511895, 39.4537505 ] ] } },
{ "type": "Feature", "properties": { "element": "way", "id": 738981368, "name": "nan", "bridge": "yes", "ford": "nan", "highway": "footway" }, "geometry": { "type": "LineString", "coordinates": [ [ -0.3541691, 39.4578454 ], [ -0.3540808, 39.4577915 ] ] } },
{ "type": "Feature", "properties": { "element": "way", "id": 738981369, "name": "Pont de Montolivet", "bridge": "yes", "ford": "nan", "highway": "footway" }, "geometry": { "type": "LineString", "coordinates": [ [ -0.3534917, 39.4595203 ], [ -0.3541691, 39.4578454 ], [ -0.354301, 39.4576357 ], [ -0.3544545, 39.4574232 ], [ -0.3546101, 39.4572424 ], [ -0.3548104, 39.4570533 ], [ -0.3550384, 39.4568582 ], [ -0.3552334, 39.4567151 ] ] } },
{ "type": "Feature", "properties": { "element": "way", "id": 738981372, "name": "nan", "bridge": "yes", "ford": "nan", "highway": "footway" }, "geometry": { "type": "LineString", "coordinates": [ [ -0.3545653, 39.4580989 ], [ -0.3545272, 39.4580807 ] ] } },
{ "type": "Feature", "properties": { "element": "way", "id": 738981373, "name": "Pont de Montolivet", "bridge": "yes", "ford": "nan", "highway": "footway" }, "geometry": { "type": "LineString", "coordinates": [ [ -0.3538958, 39.4596231 ], [ -0.3545272, 39.4580807 ], [ -0.3546417, 39.4578769 ], [ -0.3547397, 39.45773 ], [ -0.3548833, 39.4575569 ], [ -0.3550328, 39.4573893 ], [ -0.3551997, 39.4572315 ], [ -0.3553783, 39.4570855 ], [ -0.3555648, 39.4569461 ] ] } },
{ "type": "Feature", "properties": { "element": "way", "id": 739064761, "name": "Pont del Regne de València", "bridge": "yes", "ford": "nan", "highway": "footway" }, "geometry": { "type": "LineString", "coordinates": [ [ -0.357827, 39.4616492 ], [ -0.3602062, 39.4621618 ] ] } },
{ "type": "Feature", "properties": { "element": "way", "id": 739064763, "name": "Pont del Regne de València", "bridge": "yes", "ford": "nan", "highway": "footway" }, "geometry": { "type": "LineString", "coordinates": [ [ -0.3578195, 39.4614188 ], [ -0.3601656, 39.4619276 ] ] } },
{ "type": "Feature", "properties": { "element": "way", "id": 739104043, "name": "nan", "bridge": "yes", "ford": "nan", "highway": "motorway_link" }, "geometry": { "type": "LineString", "coordinates": [ [ -0.4581705, 39.4819917 ], [ -0.457773, 39.4813449 ] ] } },
{ "type": "Feature", "properties": { "element": "way", "id": 739170407, "name": "Pont de l'Àngel Custodi", "bridge": "yes", "ford": "nan", "highway": "footway" }, "geometry": { "type": "LineString", "coordinates": [ [ -0.3606195, 39.4633485 ], [ -0.3592239, 39.4636739 ] ] } },
{ "type": "Feature", "properties": { "element": "way", "id": 739170410, "name": "Pont de l'Àngel Custodi", "bridge": "yes", "ford": "nan", "highway": "footway" }, "geometry": { "type": "LineString", "coordinates": [ [ -0.3605245, 39.4631055 ], [ -0.3591288, 39.463431 ] ] } },
{ "type": "Feature", "properties": { "element": "way", "id": 739639301, "name": "Pont d'Aragó", "bridge": "yes", "ford": "nan", "highway": "footway" }, "geometry": { "type": "LineString", "coordinates": [ [ -0.3618123, 39.4687902 ], [ -0.3618426, 39.4687912 ], [ -0.3637611, 39.4687094 ] ] } },
{ "type": "Feature", "properties": { "element": "way", "id": 739639310, "name": "Pont d'Aragó", "bridge": "yes", "ford": "nan", "highway": "footway" }, "geometry": { "type": "LineString", "coordinates": [ [ -0.3619495, 39.4690215 ], [ -0.3639086, 39.4689358 ] ] } },
{ "type": "Feature", "properties": { "element": "way", "id": 739644373, "name": "Pont de les Flors Alcaldessa Rita Barberá", "bridge": "yes", "ford": "nan", "highway": "footway" }, "geometry": { "type": "LineString", "coordinates": [ [ -0.36515, 39.4708319 ], [ -0.3636685, 39.4715025 ], [ -0.3636396, 39.4715058 ] ] } },
{ "type": "Feature", "properties": { "element": "way", "id": 739644376, "name": "Pont de les Flors Alcaldessa Rita Barberá", "bridge": "yes", "ford": "nan", "highway": "footway" }, "geometry": { "type": "LineString", "coordinates": [ [ -0.3650287, 39.4706619 ], [ -0.3635055, 39.4713469 ] ] } },
{ "type": "Feature", "properties": { "element": "way", "id": 739683785, "name": "nan", "bridge": "yes", "ford": "nan", "highway": "footway" }, "geometry": { "type": "LineString", "coordinates": [ [ -0.3651867, 39.4733755 ], [ -0.3652019, 39.4733942 ] ] } },
{ "type": "Feature", "properties": { "element": "way", "id": 739683788, "name": "nan", "bridge": "yes", "ford": "nan", "highway": "footway" }, "geometry": { "type": "LineString", "coordinates": [ [ -0.3651654, 39.4733857 ], [ -0.3651809, 39.4734044 ] ] } },
{ "type": "Feature", "properties": { "element": "way", "id": 739683791, "name": "Pont de l'Exposició", "bridge": "yes", "ford": "nan", "highway": "tertiary" }, "geometry": { "type": "LineString", "coordinates": [ [ -0.366791, 39.4727116 ], [ -0.3660115, 39.4730889 ], [ -0.3652205, 39.4734717 ] ] } },
{ "type": "Feature", "properties": { "element": "way", "id": 739683798, "name": "nan", "bridge": "yes", "ford": "nan", "highway": "footway" }, "geometry": { "type": "LineString", "coordinates": [ [ -0.365361, 39.473568 ], [ -0.3653445, 39.4735493 ] ] } },
{ "type": "Feature", "properties": { "element": "way", "id": 744208304, "name": "Pont de les Glòries Valencianes", "bridge": "yes", "ford": "nan", "highway": "footway" }, "geometry": { "type": "LineString", "coordinates": [ [ -0.3908274, 39.4787907 ], [ -0.3908342, 39.4787627 ], [ -0.3908233, 39.4787275 ], [ -0.3900441, 39.4776289 ], [ -0.3900084, 39.4776067 ], [ -0.3899786, 39.4776015 ] ] } },
{ "type": "Feature", "properties": { "element": "way", "id": 744208318, "name": "Pont de les Glòries Valencianes", "bridge": "yes", "ford": "nan", "highway": "footway" }, "geometry": { "type": "LineString", "coordinates": [ [ -0.3912097, 39.4786787 ], [ -0.3911863, 39.4786639 ], [ -0.3903893, 39.47755 ], [ -0.3903784, 39.4775194 ], [ -0.3903794, 39.4774895 ] ] } },
{ "type": "Feature", "properties": { "element": "way", "id": 744208353, "name": "nan", "bridge": "yes", "ford": "nan", "highway": "footway" }, "geometry": { "type": "LineString", "coordinates": [ [ -0.3969652, 39.4749856 ], [ -0.3970045, 39.4750684 ] ] } },
{ "type": "Feature", "properties": { "element": "way", "id": 744712815, "name": "Pont de Campanar", "bridge": "yes", "ford": "nan", "highway": "footway" }, "geometry": { "type": "LineString", "coordinates": [ [ -0.3965899, 39.4764339 ], [ -0.3965869, 39.4763702 ], [ -0.3958236, 39.4752897 ], [ -0.3957458, 39.4752634 ] ] } },
{ "type": "Feature", "properties": { "element": "way", "id": 744742980, "name": "nan", "bridge": "yes", "ford": "nan", "highway": "footway" }, "geometry": { "type": "LineString", "coordinates": [ [ -0.4027691, 39.4742023 ], [ -0.402427, 39.4737351 ] ] } },
{ "type": "Feature", "properties": { "element": "way", "id": 744742981, "name": "nan", "bridge": "yes", "ford": "nan", "highway": "footway" }, "geometry": { "type": "LineString", "coordinates": [ [ -0.4028456, 39.4743068 ], [ -0.4027691, 39.4742023 ] ] } },
{ "type": "Feature", "properties": { "element": "way", "id": 744742990, "name": "nan", "bridge": "yes", "ford": "nan", "highway": "footway" }, "geometry": { "type": "LineString", "coordinates": [ [ -0.3981982, 39.4746816 ], [ -0.3982114, 39.474722 ] ] } },
{ "type": "Feature", "properties": { "element": "way", "id": 744743009, "name": "nan", "bridge": "yes", "ford": "nan", "highway": "footway" }, "geometry": { "type": "LineString", "coordinates": [ [ -0.4011513, 39.4741812 ], [ -0.4011329, 39.474128 ] ] } },
{ "type": "Feature", "properties": { "element": "way", "id": 744743012, "name": "nan", "bridge": "yes", "ford": "nan", "highway": "footway" }, "geometry": { "type": "LineString", "coordinates": [ [ -0.3993842, 39.4745242 ], [ -0.3993621, 39.4744542 ] ] } },
{ "type": "Feature", "properties": { "element": "way", "id": 744743013, "name": "nan", "bridge": "yes", "ford": "nan", "highway": "footway" }, "geometry": { "type": "LineString", "coordinates": [ [ -0.4005247, 39.4742258 ], [ -0.4005417, 39.4742771 ] ] } },
{ "type": "Feature", "properties": { "element": "way", "id": 746434123, "name": "nan", "bridge": "yes", "ford": "nan", "highway": "footway" }, "geometry": { "type": "LineString", "coordinates": [ [ -0.3955892, 39.4447555 ], [ -0.3956075, 39.4445969 ] ] } },
{ "type": "Feature", "properties": { "element": "way", "id": 746434124, "name": "nan", "bridge": "yes", "ford": "nan", "highway": "footway" }, "geometry": { "type": "LineString", "coordinates": [ [ -0.3938738, 39.4452904 ], [ -0.3938916, 39.4453334 ] ] } },
{ "type": "Feature", "properties": { "element": "way", "id": 746434130, "name": "nan", "bridge": "yes", "ford": "nan", "highway": "footway" }, "geometry": { "type": "LineString", "coordinates": [ [ -0.3945263, 39.4448008 ], [ -0.3945225, 39.4448602 ] ] } },
{ "type": "Feature", "properties": { "element": "way", "id": 746434134, "name": "nan", "bridge": "yes", "ford": "nan", "highway": "footway" }, "geometry": { "type": "LineString", "coordinates": [ [ -0.3936502, 39.4459097 ], [ -0.3936953, 39.4459296 ] ] } },
{ "type": "Feature", "properties": { "element": "way", "id": 750720187, "name": "Carril Bici Picanya - Xirivella", "bridge": "yes", "ford": "nan", "highway": "cycleway" }, "geometry": { "type": "LineString", "coordinates": [ [ -0.4304675, 39.4394993 ], [ -0.4304758, 39.4395328 ], [ -0.4304923, 39.4395875 ], [ -0.4304974, 39.4396437 ], [ -0.4304968, 39.4396986 ], [ -0.4304953, 39.4397213 ] ] } },
{ "type": "Feature", "properties": { "element": "way", "id": 750915953, "name": "nan", "bridge": "yes", "ford": "nan", "highway": "track" }, "geometry": { "type": "LineString", "coordinates": [ [ -0.3651892, 39.4999826 ], [ -0.3652277, 39.4999391 ] ] } },
{ "type": "Feature", "properties": { "element": "way", "id": 750935770, "name": "nan", "bridge": "yes", "ford": "nan", "highway": "track" }, "geometry": { "type": "LineString", "coordinates": [ [ -0.3589588, 39.4967692 ], [ -0.3589199, 39.4967862 ] ] } },
{ "type": "Feature", "properties": { "element": "way", "id": 750947998, "name": "nan", "bridge": "yes", "ford": "nan", "highway": "footway" }, "geometry": { "type": "LineString", "coordinates": [ [ -0.4237207, 39.50167 ], [ -0.4236444, 39.5015655 ] ] } },
{ "type": "Feature", "properties": { "element": "way", "id": 751697724, "name": "Carril Bici Picanya - Barranc de Xiva", "bridge": "yes", "ford": "nan", "highway": "cycleway" }, "geometry": { "type": "LineString", "coordinates": [ [ -0.4272, 39.4358391 ], [ -0.4273177, 39.4355946 ], [ -0.4275744, 39.4351169 ] ] } },
{ "type": "Feature", "properties": { "element": "way", "id": 751697725, "name": "Carril Bici Picanya - Barranc de Xiva", "bridge": "yes", "ford": "nan", "highway": "cycleway" }, "geometry": { "type": "LineString", "coordinates": [ [ -0.4269928, 39.4359008 ], [ -0.4270552, 39.4358488 ], [ -0.4271111, 39.4357769 ], [ -0.427433, 39.4351408 ] ] } },
{ "type": "Feature", "properties": { "element": "way", "id": 751713030, "name": "nan", "bridge": "yes", "ford": "nan", "highway": "cycleway" }, "geometry": { "type": "LineString", "coordinates": [ [ -0.4142736, 39.4275964 ], [ -0.4145201, 39.427115 ] ] } },
{ "type": "Feature", "properties": { "element": "way", "id": 754077095, "name": "nan", "bridge": "yes", "ford": "nan", "highway": "footway" }, "geometry": { "type": "LineString", "coordinates": [ [ -0.3845651, 39.4457975 ], [ -0.3844412, 39.4457728 ], [ -0.3832981, 39.445506 ], [ -0.3832224, 39.4454871 ] ] } },
{ "type": "Feature", "properties": { "element": "way", "id": 754077096, "name": "Avinguda de Fernando Abril Martorell", "bridge": "yes", "ford": "nan", "highway": "primary" }, "geometry": { "type": "LineString", "coordinates": [ [ -0.3845107, 39.4459386 ], [ -0.384288, 39.4458934 ], [ -0.3836518, 39.4458279 ], [ -0.3832321, 39.4457879 ] ] } },
{ "type": "Feature", "properties": { "element": "way", "id": 754077098, "name": "nan", "bridge": "yes", "ford": "nan", "highway": "service" }, "geometry": { "type": "LineString", "coordinates": [ [ -0.3845527, 39.4458356 ], [ -0.3843134, 39.4457959 ], [ -0.3835415, 39.4457185 ], [ -0.3832343, 39.4456875 ] ] } },
{ "type": "Feature", "properties": { "element": "way", "id": 754077100, "name": "nan", "bridge": "yes", "ford": "nan", "highway": "footway" }, "geometry": { "type": "LineString", "coordinates": [ [ -0.3844186, 39.4461951 ], [ -0.3842902, 39.4461685 ], [ -0.3832106, 39.4460715 ] ] } },
{ "type": "Feature", "properties": { "element": "way", "id": 754077102, "name": "nan", "bridge": "yes", "ford": "nan", "highway": "footway" }, "geometry": { "type": "LineString", "coordinates": [ [ -0.3843529, 39.4463705 ], [ -0.3835581, 39.4461835 ], [ -0.3831937, 39.4460982 ] ] } },
{ "type": "Feature", "properties": { "element": "way", "id": 754077123, "name": "nan", "bridge": "yes", "ford": "nan", "highway": "footway" }, "geometry": { "type": "LineString", "coordinates": [ [ -0.3844412, 39.4457728 ], [ -0.3832838, 39.4456511 ], [ -0.3832341, 39.4456452 ] ] } },
{ "type": "Feature", "properties": { "element": "way", "id": 754704577, "name": "Camí Vereda Nord", "bridge": "yes", "ford": "nan", "highway": "residential" }, "geometry": { "type": "LineString", "coordinates": [ [ -0.4028931, 39.3829181 ], [ -0.4029286, 39.3825883 ] ] } },
{ "type": "Feature", "properties": { "element": "way", "id": 755297343, "name": "nan", "bridge": "yes", "ford": "nan", "highway": "unclassified" }, "geometry": { "type": "LineString", "coordinates": [ [ -0.4798741, 39.3934758 ], [ -0.4800465, 39.3935296 ] ] } },
{ "type": "Feature", "properties": { "element": "way", "id": 756554246, "name": "nan", "bridge": "yes", "ford": "nan", "highway": "footway" }, "geometry": { "type": "LineString", "coordinates": [ [ -0.3832981, 39.445506 ], [ -0.3832838, 39.4456511 ] ] } },
{ "type": "Feature", "properties": { "element": "way", "id": 763815314, "name": "nan", "bridge": "yes", "ford": "nan", "highway": "footway" }, "geometry": { "type": "LineString", "coordinates": [ [ -0.4001356, 39.4991669 ], [ -0.4000243, 39.4996759 ] ] } },
{ "type": "Feature", "properties": { "element": "way", "id": 768129936, "name": "nan", "bridge": "yes", "ford": "nan", "highway": "raceway" }, "geometry": { "type": "LineString", "coordinates": [ [ -0.4158568, 39.4820767 ], [ -0.4157896, 39.4820924 ] ] } },
{ "type": "Feature", "properties": { "element": "way", "id": 799808978, "name": "nan", "bridge": "yes", "ford": "nan", "highway": "track" }, "geometry": { "type": "LineString", "coordinates": [ [ -0.3398174, 39.39309 ], [ -0.3398573, 39.3930832 ] ] } },
{ "type": "Feature", "properties": { "element": "way", "id": 815484016, "name": "nan", "bridge": "yes", "ford": "nan", "highway": "footway" }, "geometry": { "type": "LineString", "coordinates": [ [ -0.3786966, 39.4582581 ], [ -0.3787137, 39.4582174 ] ] } },
{ "type": "Feature", "properties": { "element": "way", "id": 815484018, "name": "nan", "bridge": "yes", "ford": "nan", "highway": "footway" }, "geometry": { "type": "LineString", "coordinates": [ [ -0.378999, 39.4581655 ], [ -0.3790147, 39.4581272 ] ] } },
{ "type": "Feature", "properties": { "element": "way", "id": 819843334, "name": "Distribuïdor Sud", "bridge": "yes", "ford": "nan", "highway": "trunk" }, "geometry": { "type": "LineString", "coordinates": [ [ -0.4431507, 39.4382342 ], [ -0.4426325, 39.4385677 ], [ -0.4422287, 39.4387889 ] ] } },
{ "type": "Feature", "properties": { "element": "way", "id": 819843335, "name": "Distribuïdor Sud", "bridge": "yes", "ford": "nan", "highway": "trunk" }, "geometry": { "type": "LineString", "coordinates": [ [ -0.442368, 39.4388662 ], [ -0.4427279, 39.4386855 ] ] } },
{ "type": "Feature", "properties": { "element": "way", "id": 844412869, "name": "nan", "bridge": "yes", "ford": "nan", "highway": "footway" }, "geometry": { "type": "LineString", "coordinates": [ [ -0.4696504, 39.4922439 ], [ -0.4696544, 39.4921423 ], [ -0.4696703, 39.4920305 ], [ -0.4697021, 39.4919416 ], [ -0.4697557, 39.4918405 ], [ -0.4698331, 39.4917471 ], [ -0.4699304, 39.4916628 ], [ -0.4699859, 39.4916215 ], [ -0.4701785, 39.4915357 ], [ -0.4703055, 39.491502 ], [ -0.4704524, 39.4914867 ], [ -0.470645, 39.4914882 ], [ -0.4710063, 39.491493 ] ] } },
{ "type": "Feature", "properties": { "element": "way", "id": 863879241, "name": "Torrent-Alcàsser", "bridge": "yes", "ford": "nan", "highway": "cycleway" }, "geometry": { "type": "LineString", "coordinates": [ [ -0.4573856, 39.4378289 ], [ -0.4574044, 39.4377497 ], [ -0.4574432, 39.4376073 ], [ -0.4576054, 39.4369702 ] ] } },
{ "type": "Feature", "properties": { "element": "way", "id": 866785491, "name": "Carretera Torrent a Montserrat", "bridge": "yes", "ford": "nan", "highway": "secondary" }, "geometry": { "type": "LineString", "coordinates": [ [ -0.4919558, 39.4302645 ], [ -0.4921402, 39.4302168 ] ] } },
{ "type": "Feature", "properties": { "element": "way", "id": 875558705, "name": "nan", "bridge": "yes", "ford": "nan", "highway": "nan" }, "geometry": { "type": "LineString", "coordinates": [ [ -0.4110816, 39.5032268 ], [ -0.4107282, 39.5030015 ], [ -0.4104571, 39.5028283 ], [ -0.4101817, 39.5026484 ] ] } },
{ "type": "Feature", "properties": { "element": "way", "id": 875558706, "name": "nan", "bridge": "yes", "ford": "nan", "highway": "nan" }, "geometry": { "type": "LineString", "coordinates": [ [ -0.4102079, 39.5027062 ], [ -0.4104538, 39.502867 ], [ -0.4108039, 39.5030907 ], [ -0.4110551, 39.5032499 ] ] } },
{ "type": "Feature", "properties": { "element": "way", "id": 879569570, "name": "Pont de la Solidaritat", "bridge": "yes", "ford": "nan", "highway": "cycleway" }, "geometry": { "type": "LineString", "coordinates": [ [ -0.392899, 39.4396489 ], [ -0.3928143, 39.4398109 ], [ -0.3928084, 39.4398574 ], [ -0.3928192, 39.4399017 ], [ -0.3928487, 39.4399356 ], [ -0.3928831, 39.4399627 ], [ -0.3929446, 39.4399793 ], [ -0.3930047, 39.4399784 ], [ -0.3930653, 39.4399614 ], [ -0.3931237, 39.4399229 ] ] } },
{ "type": "Feature", "properties": { "element": "way", "id": 879569571, "name": "Pont de la Solidaritat", "bridge": "yes", "ford": "nan", "highway": "cycleway" }, "geometry": { "type": "LineString", "coordinates": [ [ -0.3941252, 39.4371782 ], [ -0.392899, 39.4396489 ] ] } },
{ "type": "Feature", "properties": { "element": "way", "id": 884851690, "name": "Camí del Racó", "bridge": "yes", "ford": "nan", "highway": "unclassified" }, "geometry": { "type": "LineString", "coordinates": [ [ -0.4827409, 39.5057609 ], [ -0.4827421, 39.5059416 ] ] } },
{ "type": "Feature", "properties": { "element": "way", "id": 884857295, "name": "Camí del Mas de Febo", "bridge": "yes", "ford": "nan", "highway": "unclassified" }, "geometry": { "type": "LineString", "coordinates": [ [ -0.4904064, 39.5090892 ], [ -0.4903623, 39.5092175 ] ] } },
{ "type": "Feature", "properties": { "element": "way", "id": 885890546, "name": "nan", "bridge": "yes", "ford": "nan", "highway": "track" }, "geometry": { "type": "LineString", "coordinates": [ [ -0.4771871, 39.5106 ], [ -0.4772478, 39.5105649 ] ] } },
{ "type": "Feature", "properties": { "element": "way", "id": 885890548, "name": "nan", "bridge": "yes", "ford": "nan", "highway": "track" }, "geometry": { "type": "LineString", "coordinates": [ [ -0.4738765, 39.5095798 ], [ -0.4739218, 39.5095387 ] ] } },
{ "type": "Feature", "properties": { "element": "way", "id": 886502250, "name": "nan", "bridge": "yes", "ford": "nan", "highway": "secondary" }, "geometry": { "type": "LineString", "coordinates": [ [ -0.364029, 39.5113706 ], [ -0.3641307, 39.5112029 ], [ -0.3642254, 39.5110498 ] ] } },
{ "type": "Feature", "properties": { "element": "way", "id": 886637196, "name": "Carril Bici eix Institut Obrer Valencià", "bridge": "yes", "ford": "nan", "highway": "cycleway" }, "geometry": { "type": "LineString", "coordinates": [ [ -0.3552598, 39.4567335 ], [ -0.3550775, 39.4568705 ], [ -0.3549589, 39.4569683 ], [ -0.3548519, 39.4570578 ], [ -0.3547129, 39.4571869 ], [ -0.3546031, 39.4573064 ], [ -0.3544704, 39.4574663 ], [ -0.3543655, 39.4576069 ], [ -0.3542877, 39.4577298 ], [ -0.3542285, 39.4578328 ], [ -0.3541719, 39.4579573 ], [ -0.3540174, 39.4583323 ], [ -0.3535086, 39.4595353 ], [ -0.3534976, 39.4595543 ] ] } },
{ "type": "Feature", "properties": { "element": "way", "id": 887857885, "name": "nan", "bridge": "yes", "ford": "nan", "highway": "footway" }, "geometry": { "type": "LineString", "coordinates": [ [ -0.3537606, 39.508754 ], [ -0.3540153, 39.5088475 ] ] } },
{ "type": "Feature", "properties": { "element": "way", "id": 888291364, "name": "nan", "bridge": "yes", "ford": "nan", "highway": "track" }, "geometry": { "type": "LineString", "coordinates": [ [ -0.3215962, 39.5188505 ], [ -0.3215364, 39.5188323 ] ] } },
{ "type": "Feature", "properties": { "element": "way", "id": 888715557, "name": "nan", "bridge": "yes", "ford": "nan", "highway": "nan" }, "geometry": { "type": "LineString", "coordinates": [ [ -0.3345564, 39.3824901 ], [ -0.3345893, 39.3827803 ] ] } },
{ "type": "Feature", "properties": { "element": "way", "id": 888715558, "name": "nan", "bridge": "yes", "ford": "nan", "highway": "nan" }, "geometry": { "type": "LineString", "coordinates": [ [ -0.3338278, 39.3828245 ], [ -0.3338018, 39.3825097 ] ] } },
{ "type": "Feature", "properties": { "element": "way", "id": 889027773, "name": "nan", "bridge": "yes", "ford": "nan", "highway": "track" }, "geometry": { "type": "LineString", "coordinates": [ [ -0.3250966, 39.5104916 ], [ -0.3250596, 39.5105277 ] ] } },
{ "type": "Feature", "properties": { "element": "way", "id": 889027786, "name": "nan", "bridge": "yes", "ford": "nan", "highway": "track" }, "geometry": { "type": "LineString", "coordinates": [ [ -0.3219506, 39.5159582 ], [ -0.3219368, 39.5160064 ] ] } },
{ "type": "Feature", "properties": { "element": "way", "id": 894231930, "name": "nan", "bridge": "yes", "ford": "nan", "highway": "path" }, "geometry": { "type": "LineString", "coordinates": [ [ -0.325559, 39.4963709 ], [ -0.3255557, 39.496411 ] ] } },
{ "type": "Feature", "properties": { "element": "way", "id": 894231932, "name": "nan", "bridge": "yes", "ford": "nan", "highway": "footway" }, "geometry": { "type": "LineString", "coordinates": [ [ -0.3243644, 39.4961452 ], [ -0.324395, 39.4961384 ] ] } },
{ "type": "Feature", "properties": { "element": "way", "id": 901625076, "name": "Carril Bici Camí de la Pedrera", "bridge": "yes", "ford": "nan", "highway": "cycleway" }, "geometry": { "type": "LineString", "coordinates": [ [ -0.4468375, 39.421728 ], [ -0.4474574, 39.4212552 ] ] } },
{ "type": "Feature", "properties": { "element": "way", "id": 903390701, "name": "nan", "bridge": "yes", "ford": "nan", "highway": "footway" }, "geometry": { "type": "LineString", "coordinates": [ [ -0.4338047, 39.397514 ], [ -0.4338628, 39.3975487 ] ] } },
{ "type": "Feature", "properties": { "element": "way", "id": 914452768, "name": "nan", "bridge": "yes", "ford": "nan", "highway": "steps" }, "geometry": { "type": "LineString", "coordinates": [ [ -0.4682093, 39.4611537 ], [ -0.46814, 39.461156 ], [ -0.4681411, 39.4611339 ], [ -0.468248, 39.4611306 ] ] } },
{ "type": "Feature", "properties": { "element": "way", "id": 916937189, "name": "nan", "bridge": "yes", "ford": "nan", "highway": "footway" }, "geometry": { "type": "LineString", "coordinates": [ [ -0.3707867, 39.5176651 ], [ -0.3715989, 39.5173454 ] ] } },
{ "type": "Feature", "properties": { "element": "way", "id": 916937193, "name": "nan", "bridge": "yes", "ford": "nan", "highway": "footway" }, "geometry": { "type": "LineString", "coordinates": [ [ -0.3708307, 39.5177361 ], [ -0.3716511, 39.517412 ] ] } },
{ "type": "Feature", "properties": { "element": "way", "id": 916937217, "name": "nan", "bridge": "yes", "ford": "nan", "highway": "footway" }, "geometry": { "type": "LineString", "coordinates": [ [ -0.3707222, 39.5176025 ], [ -0.3706763, 39.5176086 ] ] } },
{ "type": "Feature", "properties": { "element": "way", "id": 944146043, "name": "Carril Bici Grans Vies", "bridge": "yes", "ford": "nan", "highway": "cycleway" }, "geometry": { "type": "LineString", "coordinates": [ [ -0.3900362, 39.4775851 ], [ -0.3900567, 39.4775976 ], [ -0.3900703, 39.4776097 ], [ -0.3901517, 39.4777225 ] ] } },
{ "type": "Feature", "properties": { "element": "way", "id": 956116022, "name": "nan", "bridge": "yes", "ford": "nan", "highway": "cycleway" }, "geometry": { "type": "LineString", "coordinates": [ [ -0.4280915, 39.5185958 ], [ -0.4283499, 39.5186506 ] ] } },
{ "type": "Feature", "properties": { "element": "way", "id": 963625618, "name": "nan", "bridge": "yes", "ford": "nan", "highway": "footway" }, "geometry": { "type": "LineString", "coordinates": [ [ -0.45932, 39.4615991 ], [ -0.4593037, 39.4614046 ] ] } },
{ "type": "Feature", "properties": { "element": "way", "id": 963625619, "name": "nan", "bridge": "yes", "ford": "nan", "highway": "footway" }, "geometry": { "type": "LineString", "coordinates": [ [ -0.4590775, 39.4613964 ], [ -0.4590681, 39.4612837 ] ] } },
{ "type": "Feature", "properties": { "element": "way", "id": 963675181, "name": "nan", "bridge": "yes", "ford": "nan", "highway": "footway" }, "geometry": { "type": "LineString", "coordinates": [ [ -0.462659, 39.4616241 ], [ -0.4627053, 39.4615819 ], [ -0.462713, 39.4615198 ], [ -0.4627329, 39.4613415 ], [ -0.46274, 39.4612623 ] ] } },
{ "type": "Feature", "properties": { "element": "way", "id": 963675184, "name": "nan", "bridge": "yes", "ford": "nan", "highway": "footway" }, "geometry": { "type": "LineString", "coordinates": [ [ -0.4629232, 39.4612598 ], [ -0.4629111, 39.4613226 ], [ -0.462904, 39.4614026 ], [ -0.4628879, 39.4615218 ], [ -0.4629104, 39.461627 ] ] } },
{ "type": "Feature", "properties": { "element": "way", "id": 963675187, "name": "Carrer del Doctor Fleming", "bridge": "yes", "ford": "nan", "highway": "footway" }, "geometry": { "type": "LineString", "coordinates": [ [ -0.4668395, 39.463439 ], [ -0.4669755, 39.463312 ] ] } },
{ "type": "Feature", "properties": { "element": "way", "id": 963675188, "name": "nan", "bridge": "yes", "ford": "nan", "highway": "footway" }, "geometry": { "type": "LineString", "coordinates": [ [ -0.4659979, 39.4626944 ], [ -0.4658639, 39.4628219 ] ] } },
{ "type": "Feature", "properties": { "element": "way", "id": 963675193, "name": "nan", "bridge": "yes", "ford": "nan", "highway": "footway" }, "geometry": { "type": "LineString", "coordinates": [ [ -0.465225, 39.46242 ], [ -0.4653596, 39.4622882 ] ] } },
{ "type": "Feature", "properties": { "element": "way", "id": 963675196, "name": "nan", "bridge": "yes", "ford": "nan", "highway": "footway" }, "geometry": { "type": "LineString", "coordinates": [ [ -0.464437, 39.4619197 ], [ -0.4646191, 39.4617431 ] ] } },
{ "type": "Feature", "properties": { "element": "way", "id": 965939533, "name": "Carrer Hernán Cortés", "bridge": "yes", "ford": "nan", "highway": "footway" }, "geometry": { "type": "LineString", "coordinates": [ [ -0.4676279, 39.4639917 ], [ -0.4677759, 39.4638505 ] ] } },
{ "type": "Feature", "properties": { "element": "way", "id": 968858288, "name": "Carretera València - Torrent (per Alaquàs)", "bridge": "yes", "ford": "nan", "highway": "secondary" }, "geometry": { "type": "LineString", "coordinates": [ [ -0.4553506, 39.441492 ], [ -0.4550794, 39.4423122 ] ] } },
{ "type": "Feature", "properties": { "element": "way", "id": 968858289, "name": "Carretera València - Torrent (per Alaquàs)", "bridge": "yes", "ford": "nan", "highway": "secondary" }, "geometry": { "type": "LineString", "coordinates": [ [ -0.4551644, 39.4423388 ], [ -0.4554293, 39.4415124 ] ] } },
{ "type": "Feature", "properties": { "element": "way", "id": 995559875, "name": "nan", "bridge": "yes", "ford": "nan", "highway": "footway" }, "geometry": { "type": "LineString", "coordinates": [ [ -0.4033083, 39.5006577 ], [ -0.4032839, 39.5006738 ], [ -0.4032684, 39.500682 ], [ -0.4032585, 39.5006877 ] ] } },
{ "type": "Feature", "properties": { "element": "way", "id": 995559878, "name": "nan", "bridge": "yes", "ford": "nan", "highway": "footway" }, "geometry": { "type": "LineString", "coordinates": [ [ -0.4031386, 39.5007307 ], [ -0.4030336, 39.5007565 ] ] } },
{ "type": "Feature", "properties": { "element": "way", "id": 995559879, "name": "nan", "bridge": "yes", "ford": "nan", "highway": "footway" }, "geometry": { "type": "LineString", "coordinates": [ [ -0.403385, 39.500607 ], [ -0.4033083, 39.5006577 ] ] } },
{ "type": "Feature", "properties": { "element": "way", "id": 995559882, "name": "nan", "bridge": "yes", "ford": "nan", "highway": "footway" }, "geometry": { "type": "LineString", "coordinates": [ [ -0.4032057, 39.5007118 ], [ -0.4031939, 39.5007171 ], [ -0.4031386, 39.5007307 ] ] } },
{ "type": "Feature", "properties": { "element": "way", "id": 997545153, "name": "Carrera de Malilla", "bridge": "yes", "ford": "nan", "highway": "tertiary" }, "geometry": { "type": "LineString", "coordinates": [ [ -0.3803442, 39.4414354 ], [ -0.3800299, 39.4423641 ], [ -0.3799191, 39.4427557 ] ] } },
{ "type": "Feature", "properties": { "element": "way", "id": 1011696495, "name": "nan", "bridge": "yes", "ford": "nan", "highway": "footway" }, "geometry": { "type": "LineString", "coordinates": [ [ -0.4043482, 39.503029 ], [ -0.4042365, 39.5031326 ] ] } },
{ "type": "Feature", "properties": { "element": "way", "id": 1011696497, "name": "nan", "bridge": "yes", "ford": "nan", "highway": "footway" }, "geometry": { "type": "LineString", "coordinates": [ [ -0.4040097, 39.5033402 ], [ -0.4039463, 39.5033977 ] ] } },
{ "type": "Feature", "properties": { "element": "way", "id": 1015904919, "name": "nan", "bridge": "yes", "ford": "nan", "highway": "nan" }, "geometry": { "type": "LineString", "coordinates": [ [ -0.4124857, 39.5043251 ], [ -0.4123376, 39.5042583 ] ] } },
{ "type": "Feature", "properties": { "element": "way", "id": 1018215245, "name": "nan", "bridge": "yes", "ford": "nan", "highway": "cycleway" }, "geometry": { "type": "LineString", "coordinates": [ [ -0.3802646, 39.4414261 ], [ -0.3799493, 39.4423524 ], [ -0.379832, 39.4427464 ] ] } },
{ "type": "Feature", "properties": { "element": "way", "id": 1020583868, "name": "nan", "bridge": "yes", "ford": "nan", "highway": "footway" }, "geometry": { "type": "LineString", "coordinates": [ [ -0.4083059, 39.5141937 ], [ -0.4083529, 39.5141597 ] ] } },
{ "type": "Feature", "properties": { "element": "way", "id": 1020832066, "name": "nan", "bridge": "yes", "ford": "nan", "highway": "footway" }, "geometry": { "type": "LineString", "coordinates": [ [ -0.3642731, 39.5110654 ], [ -0.3640813, 39.5113899 ] ] } },
{ "type": "Feature", "properties": { "element": "way", "id": 1022293927, "name": "nan", "bridge": "yes", "ford": "nan", "highway": "footway" }, "geometry": { "type": "LineString", "coordinates": [ [ -0.405396, 39.5033946 ], [ -0.4055855, 39.5033997 ], [ -0.4056464, 39.5033769 ], [ -0.4056905, 39.5033581 ], [ -0.4057557, 39.5033241 ], [ -0.4058022, 39.503293 ], [ -0.4058467, 39.5032608 ], [ -0.4058868, 39.5032281 ], [ -0.4059195, 39.5032014 ], [ -0.4059588, 39.5031573 ], [ -0.4059939, 39.5031107 ], [ -0.406053, 39.5030361 ], [ -0.4061095, 39.502955 ], [ -0.4061788, 39.5028412 ], [ -0.4064088, 39.5024721 ], [ -0.4067502, 39.5019189 ], [ -0.4071651, 39.5012543 ], [ -0.4071798, 39.50123 ] ] } },
{ "type": "Feature", "properties": { "element": "way", "id": 1022539708, "name": "nan", "bridge": "yes", "ford": "nan", "highway": "footway" }, "geometry": { "type": "LineString", "coordinates": [ [ -0.4200827, 39.507068 ], [ -0.4199683, 39.5071597 ] ] } },
{ "type": "Feature", "properties": { "element": "way", "id": 1022539709, "name": "nan", "bridge": "yes", "ford": "nan", "highway": "footway" }, "geometry": { "type": "LineString", "coordinates": [ [ -0.4197743, 39.5073079 ], [ -0.4196612, 39.5073961 ] ] } },
{ "type": "Feature", "properties": { "element": "way", "id": 1022539710, "name": "nan", "bridge": "yes", "ford": "nan", "highway": "footway" }, "geometry": { "type": "LineString", "coordinates": [ [ -0.4194691, 39.5075443 ], [ -0.4193526, 39.5076359 ] ] } },
{ "type": "Feature", "properties": { "element": "way", "id": 1022815388, "name": "nan", "bridge": "yes", "ford": "nan", "highway": "footway" }, "geometry": { "type": "LineString", "coordinates": [ [ -0.4053937, 39.506454 ], [ -0.4053676, 39.5064898 ] ] } },
{ "type": "Feature", "properties": { "element": "way", "id": 1024219864, "name": "nan", "bridge": "yes", "ford": "nan", "highway": "footway" }, "geometry": { "type": "LineString", "coordinates": [ [ -0.4179573, 39.5091262 ], [ -0.4179685, 39.5091295 ], [ -0.4180011, 39.5091366 ], [ -0.4180187, 39.5091403 ] ] } },
{ "type": "Feature", "properties": { "element": "way", "id": 1026223390, "name": "nan", "bridge": "yes", "ford": "nan", "highway": "trunk_link" }, "geometry": { "type": "LineString", "coordinates": [ [ -0.3965815, 39.4380819 ], [ -0.396576, 39.4380973 ], [ -0.3965327, 39.4382198 ] ] } },
{ "type": "Feature", "properties": { "element": "way", "id": 1026223391, "name": "Avinguda del Sud", "bridge": "yes", "ford": "nan", "highway": "secondary" }, "geometry": { "type": "LineString", "coordinates": [ [ -0.3966352, 39.4381048 ], [ -0.3965327, 39.4382198 ] ] } },
{ "type": "Feature", "properties": { "element": "way", "id": 1026223392, "name": "Avinguda del Sud", "bridge": "yes", "ford": "nan", "highway": "secondary" }, "geometry": { "type": "LineString", "coordinates": [ [ -0.3952747, 39.4403736 ], [ -0.3958194, 39.4395705 ] ] } },
{ "type": "Feature", "properties": { "element": "way", "id": 1028187064, "name": "Carril Bici Picanya - Xirivella", "bridge": "yes", "ford": "nan", "highway": "cycleway" }, "geometry": { "type": "LineString", "coordinates": [ [ -0.4276375, 39.446202 ], [ -0.427802, 39.4468588 ] ] } },
{ "type": "Feature", "properties": { "element": "way", "id": 1028288216, "name": "nan", "bridge": "yes", "ford": "nan", "highway": "nan" }, "geometry": { "type": "LineString", "coordinates": [ [ -0.4040291, 39.449856 ], [ -0.403976, 39.4497952 ] ] } },
{ "type": "Feature", "properties": { "element": "way", "id": 1028288217, "name": "Aranjuez - València Nord", "bridge": "yes", "ford": "nan", "highway": "nan" }, "geometry": { "type": "LineString", "coordinates": [ [ -0.4040202, 39.4498598 ], [ -0.403976, 39.4497952 ] ] } },
{ "type": "Feature", "properties": { "element": "way", "id": 1029003737, "name": "nan", "bridge": "yes", "ford": "nan", "highway": "trunk_link" }, "geometry": { "type": "LineString", "coordinates": [ [ -0.4341294, 39.5080938 ], [ -0.4339909, 39.5081269 ] ] } },
{ "type": "Feature", "properties": { "element": "way", "id": 1035872530, "name": "nan", "bridge": "yes", "ford": "nan", "highway": "primary_link" }, "geometry": { "type": "LineString", "coordinates": [ [ -0.4586552, 39.5078742 ], [ -0.4583845, 39.5080687 ] ] } },
{ "type": "Feature", "properties": { "element": "way", "id": 1035987233, "name": "Carril Bici Ronda Picanya", "bridge": "yes", "ford": "nan", "highway": "cycleway" }, "geometry": { "type": "LineString", "coordinates": [ [ -0.4197722, 39.4317144 ], [ -0.4191122, 39.4319678 ] ] } },
{ "type": "Feature", "properties": { "element": "way", "id": 1036586583, "name": "nan", "bridge": "yes", "ford": "nan", "highway": "path" }, "geometry": { "type": "LineString", "coordinates": [ [ -0.3464626, 39.3922423 ], [ -0.346505, 39.3922053 ] ] } },
{ "type": "Feature", "properties": { "element": "way", "id": 1036587380, "name": "nan", "bridge": "yes", "ford": "nan", "highway": "track" }, "geometry": { "type": "LineString", "coordinates": [ [ -0.3944653, 39.3702789 ], [ -0.3944635, 39.3703331 ] ] } },
{ "type": "Feature", "properties": { "element": "way", "id": 1036588822, "name": "nan", "bridge": "yes", "ford": "nan", "highway": "track" }, "geometry": { "type": "LineString", "coordinates": [ [ -0.3977057, 39.3707122 ], [ -0.3976968, 39.3707702 ] ] } },
{ "type": "Feature", "properties": { "element": "way", "id": 1036623831, "name": "nan", "bridge": "yes", "ford": "nan", "highway": "trunk_link" }, "geometry": { "type": "LineString", "coordinates": [ [ -0.4328946, 39.5086147 ], [ -0.4328036, 39.5086212 ] ] } },
{ "type": "Feature", "properties": { "element": "way", "id": 1037517823, "name": "Pont de la Solidaritat", "bridge": "yes", "ford": "nan", "highway": "cycleway" }, "geometry": { "type": "LineString", "coordinates": [ [ -0.3936788, 39.4370225 ], [ -0.3937341, 39.4370138 ], [ -0.3937642, 39.4369882 ], [ -0.3937737, 39.4369603 ], [ -0.3937715, 39.4369254 ], [ -0.3937502, 39.4368959 ], [ -0.3937234, 39.4368793 ], [ -0.39368, 39.4368739 ], [ -0.393638, 39.4368795 ], [ -0.3936055, 39.4368923 ], [ -0.3935805, 39.4369157 ], [ -0.3935699, 39.4369555 ], [ -0.3935787, 39.4370012 ], [ -0.3936386, 39.4370435 ], [ -0.3941252, 39.4371782 ], [ -0.394203, 39.4371975 ], [ -0.394363, 39.4372409 ], [ -0.3944561, 39.4372555 ], [ -0.3945957, 39.4372669 ] ] } },
{ "type": "Feature", "properties": { "element": "way", "id": 1037956291, "name": "Via Xurra", "bridge": "yes", "ford": "nan", "highway": "cycleway" }, "geometry": { "type": "LineString", "coordinates": [ [ -0.3461316, 39.5050363 ], [ -0.3461386, 39.5050869 ], [ -0.3462233, 39.5056954 ] ] } },
{ "type": "Feature", "properties": { "element": "way", "id": 1039669661, "name": "nan", "bridge": "yes", "ford": "nan", "highway": "track" }, "geometry": { "type": "LineString", "coordinates": [ [ -0.392219, 39.3746279 ], [ -0.3922673, 39.3746283 ] ] } },
{ "type": "Feature", "properties": { "element": "way", "id": 1039669664, "name": "nan", "bridge": "yes", "ford": "nan", "highway": "track" }, "geometry": { "type": "LineString", "coordinates": [ [ -0.3923962, 39.3745804 ], [ -0.3924238, 39.3745357 ] ] } },
{ "type": "Feature", "properties": { "element": "way", "id": 1040047263, "name": "nan", "bridge": "yes", "ford": "nan", "highway": "cycleway" }, "geometry": { "type": "LineString", "coordinates": [ [ -0.4552599, 39.4423703 ], [ -0.4555021, 39.4415488 ] ] } },
{ "type": "Feature", "properties": { "element": "way", "id": 1040047265, "name": "nan", "bridge": "yes", "ford": "nan", "highway": "cycleway" }, "geometry": { "type": "LineString", "coordinates": [ [ -0.4551558, 39.4430392 ], [ -0.4552339, 39.4429915 ], [ -0.4552607, 39.4429687 ], [ -0.4552889, 39.4429356 ], [ -0.4553157, 39.4428973 ], [ -0.4553492, 39.4428434 ], [ -0.4553626, 39.4427854 ], [ -0.455368, 39.4427305 ] ] } },
{ "type": "Feature", "properties": { "element": "way", "id": 1051240609, "name": "nan", "bridge": "yes", "ford": "nan", "highway": "cycleway" }, "geometry": { "type": "LineString", "coordinates": [ [ -0.3974341, 39.435905 ], [ -0.3974502, 39.4358857 ] ] } },
{ "type": "Feature", "properties": { "element": "way", "id": 1056476991, "name": "Carretera Pla del Pou", "bridge": "yes", "ford": "nan", "highway": "primary" }, "geometry": { "type": "LineString", "coordinates": [ [ -0.4248629, 39.5083942 ], [ -0.4247396, 39.5083033 ] ] } },
{ "type": "Feature", "properties": { "element": "way", "id": 1056476992, "name": "nan", "bridge": "yes", "ford": "nan", "highway": "primary_link" }, "geometry": { "type": "LineString", "coordinates": [ [ -0.4247396, 39.5083033 ], [ -0.4247021, 39.5082303 ] ] } },
{ "type": "Feature", "properties": { "element": "way", "id": 1061448548, "name": "Avinguda del Mediterrani", "bridge": "yes", "ford": "nan", "highway": "residential" }, "geometry": { "type": "LineString", "coordinates": [ [ -0.4340854, 39.4758134 ], [ -0.4326213, 39.4752557 ] ] } },
{ "type": "Feature", "properties": { "element": "way", "id": 1061863037, "name": "Accés oest a Quart de Poblet i est a Mislata", "bridge": "yes", "ford": "nan", "highway": "secondary" }, "geometry": { "type": "LineString", "coordinates": [ [ -0.4324443, 39.4812532 ], [ -0.4326354, 39.4811746 ], [ -0.432766, 39.4811315 ], [ -0.4330034, 39.4810799 ] ] } },
{ "type": "Feature", "properties": { "element": "way", "id": 1075876023, "name": "Parc Fluvial del Túria", "bridge": "yes", "ford": "nan", "highway": "path" }, "geometry": { "type": "LineString", "coordinates": [ [ -0.4368428, 39.4858287 ], [ -0.4367058, 39.4858035 ] ] } },
{ "type": "Feature", "properties": { "element": "way", "id": 1076109043, "name": "nan", "bridge": "yes", "ford": "nan", "highway": "track" }, "geometry": { "type": "LineString", "coordinates": [ [ -0.3634966, 39.3970796 ], [ -0.3633899, 39.3970936 ] ] } },
{ "type": "Feature", "properties": { "element": "way", "id": 1076109047, "name": "nan", "bridge": "yes", "ford": "nan", "highway": "track" }, "geometry": { "type": "LineString", "coordinates": [ [ -0.3563236, 39.3877194 ], [ -0.3561834, 39.3877639 ] ] } },
{ "type": "Feature", "properties": { "element": "way", "id": 1096788796, "name": "nan", "bridge": "yes", "ford": "nan", "highway": "cycleway" }, "geometry": { "type": "LineString", "coordinates": [ [ -0.3673601, 39.4801817 ], [ -0.3667695, 39.48001 ] ] } },
{ "type": "Feature", "properties": { "element": "way", "id": 1101527726, "name": "nan", "bridge": "yes", "ford": "nan", "highway": "footway" }, "geometry": { "type": "LineString", "coordinates": [ [ -0.3976838, 39.4747915 ], [ -0.3977039, 39.4748388 ] ] } },
{ "type": "Feature", "properties": { "element": "way", "id": 1105760993, "name": "nan", "bridge": "yes", "ford": "nan", "highway": "trunk_link" }, "geometry": { "type": "LineString", "coordinates": [ [ -0.4052401, 39.4987887 ], [ -0.4052826, 39.4988834 ], [ -0.4053109, 39.498955 ], [ -0.4053468, 39.4990691 ], [ -0.4053696, 39.4991603 ], [ -0.4054003, 39.4992463 ], [ -0.4054397, 39.4993249 ], [ -0.4055266, 39.4994315 ] ] } },
{ "type": "Feature", "properties": { "element": "way", "id": 1106664744, "name": "nan", "bridge": "yes", "ford": "nan", "highway": "footway" }, "geometry": { "type": "LineString", "coordinates": [ [ -0.3578755, 39.4605693 ], [ -0.3578748, 39.4605641 ], [ -0.3578607, 39.4605361 ] ] } },
{ "type": "Feature", "properties": { "element": "way", "id": 1106664745, "name": "nan", "bridge": "yes", "ford": "nan", "highway": "footway" }, "geometry": { "type": "LineString", "coordinates": [ [ -0.3578278, 39.4606635 ], [ -0.3578475, 39.4606488 ], [ -0.3578647, 39.4606285 ] ] } },
{ "type": "Feature", "properties": { "element": "way", "id": 1106702185, "name": "nan", "bridge": "yes", "ford": "nan", "highway": "footway" }, "geometry": { "type": "LineString", "coordinates": [ [ -0.3570004, 39.4597502 ], [ -0.3569662, 39.4598117 ] ] } },
{ "type": "Feature", "properties": { "element": "way", "id": 1106702191, "name": "nan", "bridge": "yes", "ford": "nan", "highway": "footway" }, "geometry": { "type": "LineString", "coordinates": [ [ -0.3560478, 39.459774 ], [ -0.3560122, 39.4598395 ] ] } },
{ "type": "Feature", "properties": { "element": "way", "id": 1112402458, "name": "nan", "bridge": "yes", "ford": "nan", "highway": "trunk_link" }, "geometry": { "type": "LineString", "coordinates": [ [ -0.3712878, 39.4374415 ], [ -0.3714638, 39.4374629 ], [ -0.3716664, 39.4374421 ], [ -0.3719277, 39.4373907 ] ] } },
{ "type": "Feature", "properties": { "element": "way", "id": 1113273989, "name": "nan", "bridge": "yes", "ford": "nan", "highway": "footway" }, "geometry": { "type": "LineString", "coordinates": [ [ -0.3418001, 39.4775311 ], [ -0.3417462, 39.4775159 ] ] } },
{ "type": "Feature", "properties": { "element": "way", "id": 1120678785, "name": "Carrera de Malilla", "bridge": "yes", "ford": "nan", "highway": "tertiary" }, "geometry": { "type": "LineString", "coordinates": [ [ -0.3806845, 39.4410891 ], [ -0.3807472, 39.4409101 ] ] } },
{ "type": "Feature", "properties": { "element": "way", "id": 1120678786, "name": "Carrera de Malilla", "bridge": "yes", "ford": "nan", "highway": "tertiary" }, "geometry": { "type": "LineString", "coordinates": [ [ -0.3805342, 39.4408743 ], [ -0.3804727, 39.4410522 ] ] } },
{ "type": "Feature", "properties": { "element": "way", "id": 1120678787, "name": "nan", "bridge": "yes", "ford": "nan", "highway": "cycleway" }, "geometry": { "type": "LineString", "coordinates": [ [ -0.3804558, 39.4408612 ], [ -0.380395, 39.4410384 ] ] } },
{ "type": "Feature", "properties": { "element": "way", "id": 1121175950, "name": "nan", "bridge": "yes", "ford": "nan", "highway": "track" }, "geometry": { "type": "LineString", "coordinates": [ [ -0.36441, 39.358318 ], [ -0.3644705, 39.3583533 ] ] } },
{ "type": "Feature", "properties": { "element": "way", "id": 1121175953, "name": "nan", "bridge": "yes", "ford": "nan", "highway": "track" }, "geometry": { "type": "LineString", "coordinates": [ [ -0.3684085, 39.3591743 ], [ -0.3684406, 39.3591475 ] ] } },
{ "type": "Feature", "properties": { "element": "way", "id": 1121175956, "name": "nan", "bridge": "yes", "ford": "nan", "highway": "track" }, "geometry": { "type": "LineString", "coordinates": [ [ -0.38515, 39.3637566 ], [ -0.3851932, 39.3637387 ] ] } },
{ "type": "Feature", "properties": { "element": "way", "id": 1121175958, "name": "nan", "bridge": "yes", "ford": "nan", "highway": "track" }, "geometry": { "type": "LineString", "coordinates": [ [ -0.3719947, 39.3589991 ], [ -0.3719744, 39.3590461 ] ] } },
{ "type": "Feature", "properties": { "element": "way", "id": 1121176146, "name": "nan", "bridge": "yes", "ford": "nan", "highway": "track" }, "geometry": { "type": "LineString", "coordinates": [ [ -0.362433, 39.364162 ], [ -0.3624825, 39.3641303 ] ] } },
{ "type": "Feature", "properties": { "element": "way", "id": 1121463218, "name": "nan", "bridge": "yes", "ford": "nan", "highway": "footway" }, "geometry": { "type": "LineString", "coordinates": [ [ -0.3255723, 39.5017431 ], [ -0.3255361, 39.5017436 ], [ -0.3255373, 39.501686 ], [ -0.3254204, 39.5016801 ], [ -0.3254212, 39.5015889 ] ] } },
{ "type": "Feature", "properties": { "element": "way", "id": 1121463219, "name": "nan", "bridge": "yes", "ford": "nan", "highway": "footway" }, "geometry": { "type": "LineString", "coordinates": [ [ -0.3256022, 39.5022311 ], [ -0.3255723, 39.5017431 ] ] } },
{ "type": "Feature", "properties": { "element": "way", "id": 1125064427, "name": "nan", "bridge": "yes", "ford": "nan", "highway": "footway" }, "geometry": { "type": "LineString", "coordinates": [ [ -0.4033088, 39.5039626 ], [ -0.4031638, 39.5039421 ], [ -0.4030103, 39.5039165 ], [ -0.4028146, 39.5038795 ], [ -0.4026241, 39.5038377 ], [ -0.4024701, 39.503797 ], [ -0.4023782, 39.5037727 ], [ -0.4023763, 39.5037722 ], [ -0.4021975, 39.5037257 ] ] } },
{ "type": "Feature", "properties": { "element": "way", "id": 1127617628, "name": "Anell Verd Metropolità", "bridge": "yes", "ford": "nan", "highway": "path" }, "geometry": { "type": "LineString", "coordinates": [ [ -0.3416036, 39.4212125 ], [ -0.3420245, 39.4212345 ], [ -0.342071, 39.421264 ], [ -0.3420994, 39.4215794 ] ] } },
{ "type": "Feature", "properties": { "element": "way", "id": 1127744662, "name": "nan", "bridge": "yes", "ford": "nan", "highway": "unclassified" }, "geometry": { "type": "LineString", "coordinates": [ [ -0.3283971, 39.4449833 ], [ -0.327865, 39.4446459 ] ] } },
{ "type": "Feature", "properties": { "element": "way", "id": 1127744669, "name": "nan", "bridge": "yes", "ford": "nan", "highway": "unclassified" }, "geometry": { "type": "LineString", "coordinates": [ [ -0.3277751, 39.4447325 ], [ -0.3283081, 39.445069 ] ] } },
{ "type": "Feature", "properties": { "element": "way", "id": 1127744672, "name": "nan", "bridge": "yes", "ford": "nan", "highway": "unclassified" }, "geometry": { "type": "LineString", "coordinates": [ [ -0.3290297, 39.4451663 ], [ -0.3290191, 39.4451479 ], [ -0.3289484, 39.4450746 ], [ -0.3288604, 39.4450282 ], [ -0.3288144, 39.4450095 ] ] } },
{ "type": "Feature", "properties": { "element": "way", "id": 1127744674, "name": "nan", "bridge": "yes", "ford": "nan", "highway": "unclassified" }, "geometry": { "type": "LineString", "coordinates": [ [ -0.3283941, 39.4453518 ], [ -0.3284157, 39.4453923 ], [ -0.3284808, 39.4454574 ], [ -0.3285797, 39.4455076 ], [ -0.3286041, 39.4455142 ] ] } },
{ "type": "Feature", "properties": { "element": "way", "id": 1128103236, "name": "Carril Bici Picanya - Barranc de Xiva", "bridge": "yes", "ford": "nan", "highway": "cycleway" }, "geometry": { "type": "LineString", "coordinates": [ [ -0.4265325, 39.4305018 ], [ -0.4266923, 39.4309395 ], [ -0.4267169, 39.4310101 ], [ -0.4267438, 39.4310866 ] ] } },
{ "type": "Feature", "properties": { "element": "way", "id": 1128298622, "name": "nan", "bridge": "yes", "ford": "nan", "highway": "cycleway" }, "geometry": { "type": "LineString", "coordinates": [ [ -0.4189568, 39.4316713 ], [ -0.4196404, 39.4314617 ] ] } },
{ "type": "Feature", "properties": { "element": "way", "id": 1128330471, "name": "nan", "bridge": "yes", "ford": "nan", "highway": "track" }, "geometry": { "type": "LineString", "coordinates": [ [ -0.3740163, 39.3621449 ], [ -0.3739747, 39.3621985 ] ] } },
{ "type": "Feature", "properties": { "element": "way", "id": 1133901098, "name": "nan", "bridge": "yes", "ford": "nan", "highway": "steps" }, "geometry": { "type": "LineString", "coordinates": [ [ -0.4113242, 39.4028473 ], [ -0.411362, 39.4028211 ] ] } },
{ "type": "Feature", "properties": { "element": "way", "id": 1133901149, "name": "nan", "bridge": "yes", "ford": "nan", "highway": "steps" }, "geometry": { "type": "LineString", "coordinates": [ [ -0.4110999, 39.4031262 ], [ -0.4110796, 39.4031587 ] ] } },
{ "type": "Feature", "properties": { "element": "way", "id": 1134368221, "name": "nan", "bridge": "yes", "ford": "nan", "highway": "footway" }, "geometry": { "type": "LineString", "coordinates": [ [ -0.3808419, 39.440926 ], [ -0.3807787, 39.4411059 ] ] } },
{ "type": "Feature", "properties": { "element": "way", "id": 1134368226, "name": "nan", "bridge": "yes", "ford": "nan", "highway": "footway" }, "geometry": { "type": "LineString", "coordinates": [ [ -0.380651, 39.4414713 ], [ -0.3803639, 39.4423152 ], [ -0.3802257, 39.4427885 ] ] } },
{ "type": "Feature", "properties": { "element": "way", "id": 1136700008, "name": "Avinguda del Palmaret", "bridge": "yes", "ford": "nan", "highway": "tertiary" }, "geometry": { "type": "LineString", "coordinates": [ [ -0.3828407, 39.516626 ], [ -0.3818064, 39.5163435 ] ] } },
{ "type": "Feature", "properties": { "element": "way", "id": 1152712037, "name": "nan", "bridge": "yes", "ford": "nan", "highway": "footway" }, "geometry": { "type": "LineString", "coordinates": [ [ -0.4012718, 39.498762 ], [ -0.4016155, 39.4990991 ] ] } },
{ "type": "Feature", "properties": { "element": "way", "id": 1165087826, "name": "nan", "bridge": "yes", "ford": "nan", "highway": "nan" }, "geometry": { "type": "LineString", "coordinates": [ [ -0.4708792, 39.3529723 ], [ -0.4709045, 39.3528827 ], [ -0.4709534, 39.3527097 ] ] } },
{ "type": "Feature", "properties": { "element": "way", "id": 1173504756, "name": "nan", "bridge": "yes", "ford": "nan", "highway": "footway" }, "geometry": { "type": "LineString", "coordinates": [ [ -0.4086251, 39.5136492 ], [ -0.4087083, 39.5137192 ], [ -0.4088237, 39.5138217 ], [ -0.4089629, 39.5139487 ] ] } },
{ "type": "Feature", "properties": { "element": "way", "id": 1173972162, "name": "nan", "bridge": "yes", "ford": "nan", "highway": "cycleway" }, "geometry": { "type": "LineString", "coordinates": [ [ -0.3425395, 39.4509308 ], [ -0.3421882, 39.4508408 ], [ -0.3417331, 39.4507133 ], [ -0.3413099, 39.4505851 ], [ -0.3409461, 39.4504785 ] ] } },
{ "type": "Feature", "properties": { "element": "way", "id": 1173972164, "name": "nan", "bridge": "yes", "ford": "nan", "highway": "footway" }, "geometry": { "type": "LineString", "coordinates": [ [ -0.3409386, 39.4504907 ], [ -0.3419549, 39.450792 ], [ -0.342225, 39.4508671 ], [ -0.3423253, 39.4508916 ], [ -0.3424778, 39.450928 ], [ -0.3425339, 39.4509422 ] ] } },
{ "type": "Feature", "properties": { "element": "way", "id": 1173972166, "name": "nan", "bridge": "yes", "ford": "nan", "highway": "nan" }, "geometry": { "type": "LineString", "coordinates": [ [ -0.3425199, 39.4509691 ], [ -0.342362, 39.4509315 ], [ -0.3421787, 39.4508814 ], [ -0.3420132, 39.4508356 ], [ -0.3418271, 39.4507813 ], [ -0.3416616, 39.4507324 ], [ -0.3409238, 39.4505187 ] ] } },
{ "type": "Feature", "properties": { "element": "way", "id": 1173972168, "name": "nan", "bridge": "yes", "ford": "nan", "highway": "nan" }, "geometry": { "type": "LineString", "coordinates": [ [ -0.3409078, 39.4505489 ], [ -0.3418721, 39.4508332 ], [ -0.3420598, 39.450887 ], [ -0.3421758, 39.4509185 ], [ -0.3422896, 39.4509484 ], [ -0.3424111, 39.4509799 ], [ -0.3425041, 39.4510028 ] ] } },
{ "type": "Feature", "properties": { "element": "way", "id": 1173972173, "name": "nan", "bridge": "yes", "ford": "nan", "highway": "footway" }, "geometry": { "type": "LineString", "coordinates": [ [ -0.3408938, 39.4505754 ], [ -0.3412833, 39.4506866 ], [ -0.3418533, 39.4508534 ], [ -0.3421164, 39.4509308 ], [ -0.3422494, 39.4509656 ], [ -0.3424101, 39.4510075 ], [ -0.3424926, 39.4510276 ] ] } },
{ "type": "Feature", "properties": { "element": "way", "id": 1174405083, "name": "nan", "bridge": "yes", "ford": "nan", "highway": "cycleway" }, "geometry": { "type": "LineString", "coordinates": [ [ -0.3412919, 39.4455011 ], [ -0.3410777, 39.4454937 ], [ -0.3410777, 39.4455091 ], [ -0.3413875, 39.4455191 ] ] } },
{ "type": "Feature", "properties": { "element": "way", "id": 1174405084, "name": "nan", "bridge": "yes", "ford": "nan", "highway": "cycleway" }, "geometry": { "type": "LineString", "coordinates": [ [ -0.3412918, 39.4455206 ], [ -0.3412919, 39.4455011 ] ] } },
{ "type": "Feature", "properties": { "element": "way", "id": 1175332613, "name": "nan", "bridge": "yes", "ford": "nan", "highway": "footway" }, "geometry": { "type": "LineString", "coordinates": [ [ -0.3443258, 39.4526144 ], [ -0.3441851, 39.4526103 ], [ -0.3441613, 39.4526097 ] ] } },
{ "type": "Feature", "properties": { "element": "way", "id": 1175332614, "name": "nan", "bridge": "yes", "ford": "nan", "highway": "footway" }, "geometry": { "type": "LineString", "coordinates": [ [ -0.3443108, 39.4529032 ], [ -0.3441641, 39.4528983 ], [ -0.3441416, 39.4528976 ] ] } },
{ "type": "Feature", "properties": { "element": "way", "id": 1175871137, "name": "nan", "bridge": "yes", "ford": "nan", "highway": "footway" }, "geometry": { "type": "LineString", "coordinates": [ [ -0.3940357, 39.4539394 ], [ -0.3940469, 39.4539174 ], [ -0.3942268, 39.4532329 ] ] } },
{ "type": "Feature", "properties": { "element": "way", "id": 1177187498, "name": "nan", "bridge": "yes", "ford": "nan", "highway": "footway" }, "geometry": { "type": "LineString", "coordinates": [ [ -0.428374, 39.5185594 ], [ -0.4281157, 39.5185085 ] ] } },
{ "type": "Feature", "properties": { "element": "way", "id": 1182507666, "name": "nan", "bridge": "yes", "ford": "nan", "highway": "track" }, "geometry": { "type": "LineString", "coordinates": [ [ -0.3361533, 39.3855647 ], [ -0.3360931, 39.3855729 ] ] } },
{ "type": "Feature", "properties": { "element": "way", "id": 1183748377, "name": "nan", "bridge": "yes", "ford": "nan", "highway": "track" }, "geometry": { "type": "LineString", "coordinates": [ [ -0.3449267, 39.3932073 ], [ -0.3449872, 39.3931907 ] ] } },
{ "type": "Feature", "properties": { "element": "way", "id": 1183749274, "name": "nan", "bridge": "yes", "ford": "nan", "highway": "track" }, "geometry": { "type": "LineString", "coordinates": [ [ -0.3378044, 39.3856583 ], [ -0.3376377, 39.3857057 ] ] } },
{ "type": "Feature", "properties": { "element": "way", "id": 1184962570, "name": "nan", "bridge": "yes", "ford": "nan", "highway": "footway" }, "geometry": { "type": "LineString", "coordinates": [ [ -0.3301897, 39.453816 ], [ -0.3299888, 39.453858 ] ] } },
{ "type": "Feature", "properties": { "element": "way", "id": 1184962571, "name": "nan", "bridge": "yes", "ford": "nan", "highway": "footway" }, "geometry": { "type": "LineString", "coordinates": [ [ -0.33004, 39.4539955 ], [ -0.3299888, 39.453858 ], [ -0.3298142, 39.45339 ] ] } },
{ "type": "Feature", "properties": { "element": "way", "id": 1184962572, "name": "nan", "bridge": "yes", "ford": "nan", "highway": "footway" }, "geometry": { "type": "LineString", "coordinates": [ [ -0.3300449, 39.4533553 ], [ -0.3300149, 39.4533229 ] ] } },
{ "type": "Feature", "properties": { "element": "way", "id": 1184962586, "name": "nan", "bridge": "yes", "ford": "nan", "highway": "footway" }, "geometry": { "type": "LineString", "coordinates": [ [ -0.3308201, 39.4540039 ], [ -0.3319158, 39.4528076 ] ] } },
{ "type": "Feature", "properties": { "element": "way", "id": 1185568261, "name": "nan", "bridge": "yes", "ford": "nan", "highway": "cycleway" }, "geometry": { "type": "LineString", "coordinates": [ [ -0.4169664, 39.3922111 ], [ -0.416844, 39.392181 ] ] } },
{ "type": "Feature", "properties": { "element": "way", "id": 1192688866, "name": "nan", "bridge": "yes", "ford": "nan", "highway": "construction" }, "geometry": { "type": "LineString", "coordinates": [ [ -0.4586128, 39.5082324 ], [ -0.4588905, 39.508038 ] ] } },
{ "type": "Feature", "properties": { "element": "way", "id": 1192688869, "name": "nan", "bridge": "yes", "ford": "nan", "highway": "trunk_link" }, "geometry": { "type": "LineString", "coordinates": [ [ -0.4584763, 39.5077756 ], [ -0.4582118, 39.5079742 ] ] } },
{ "type": "Feature", "properties": { "element": "way", "id": 1199528240, "name": "nan", "bridge": "yes", "ford": "nan", "highway": "footway" }, "geometry": { "type": "LineString", "coordinates": [ [ -0.3790486, 39.4575868 ], [ -0.3790599, 39.4575683 ] ] } },
{ "type": "Feature", "properties": { "element": "way", "id": 1199528242, "name": "nan", "bridge": "yes", "ford": "nan", "highway": "footway" }, "geometry": { "type": "LineString", "coordinates": [ [ -0.3784356, 39.4574237 ], [ -0.3784449, 39.4574039 ] ] } },
{ "type": "Feature", "properties": { "element": "way", "id": 1199528244, "name": "nan", "bridge": "yes", "ford": "nan", "highway": "footway" }, "geometry": { "type": "LineString", "coordinates": [ [ -0.3779766, 39.4573047 ], [ -0.3779872, 39.4572801 ] ] } },
{ "type": "Feature", "properties": { "element": "way", "id": 1199528246, "name": "nan", "bridge": "yes", "ford": "nan", "highway": "footway" }, "geometry": { "type": "LineString", "coordinates": [ [ -0.3796596, 39.4573974 ], [ -0.3796158, 39.457397 ] ] } },
{ "type": "Feature", "properties": { "element": "way", "id": 1199528248, "name": "nan", "bridge": "yes", "ford": "nan", "highway": "footway" }, "geometry": { "type": "LineString", "coordinates": [ [ -0.3795161, 39.4570471 ], [ -0.3795364, 39.4570132 ] ] } },
{ "type": "Feature", "properties": { "element": "way", "id": 1199528250, "name": "nan", "bridge": "yes", "ford": "nan", "highway": "footway" }, "geometry": { "type": "LineString", "coordinates": [ [ -0.3793062, 39.4566752 ], [ -0.3793359, 39.4566655 ] ] } },
{ "type": "Feature", "properties": { "element": "way", "id": 1199528251, "name": "nan", "bridge": "yes", "ford": "nan", "highway": "footway" }, "geometry": { "type": "LineString", "coordinates": [ [ -0.3793425, 39.4567451 ], [ -0.379354, 39.4566987 ] ] } },
{ "type": "Feature", "properties": { "element": "way", "id": 1199528255, "name": "nan", "bridge": "yes", "ford": "nan", "highway": "footway" }, "geometry": { "type": "LineString", "coordinates": [ [ -0.3791118, 39.4562731 ], [ -0.3791438, 39.4562562 ] ] } },
{ "type": "Feature", "properties": { "element": "way", "id": 1204391711, "name": "nan", "bridge": "yes", "ford": "nan", "highway": "trunk" }, "geometry": { "type": "LineString", "coordinates": [ [ -0.4681301, 39.4999378 ], [ -0.467899, 39.5003021 ], [ -0.4676296, 39.5006955 ], [ -0.4673354, 39.5010685 ], [ -0.4670964, 39.5013474 ], [ -0.4667704, 39.5017007 ], [ -0.4664937, 39.5019846 ] ] } },
{ "type": "Feature", "properties": { "element": "way", "id": 1224481376, "name": "Pont de la Memòria", "bridge": "yes", "ford": "nan", "highway": "tertiary" }, "geometry": { "type": "LineString", "coordinates": [ [ -0.4388751, 39.4374321 ], [ -0.4385734, 39.4376416 ], [ -0.4382514, 39.4378652 ] ] } },
{ "type": "Feature", "properties": { "element": "way", "id": 1224481378, "name": "Carril Bici Picanya-Torrent", "bridge": "yes", "ford": "nan", "highway": "cycleway" }, "geometry": { "type": "LineString", "coordinates": [ [ -0.4388414, 39.4374014 ], [ -0.4387893, 39.4374421 ], [ -0.4385767, 39.4375904 ], [ -0.4382041, 39.4378403 ] ] } },
{ "type": "Feature", "properties": { "element": "way", "id": 1225247311, "name": "Avinguda de Peris i Valero", "bridge": "yes", "ford": "nan", "highway": "primary" }, "geometry": { "type": "LineString", "coordinates": [ [ -0.3779922, 39.4559368 ], [ -0.3770971, 39.4563055 ] ] } },
{ "type": "Feature", "properties": { "element": "way", "id": 1239395472, "name": "Acceso Noroeste de Paterna", "bridge": "yes", "ford": "nan", "highway": "primary" }, "geometry": { "type": "LineString", "coordinates": [ [ -0.4328062, 39.5087838 ], [ -0.4331063, 39.508659 ] ] } },
{ "type": "Feature", "properties": { "element": "way", "id": 1240418118, "name": "nan", "bridge": "yes", "ford": "nan", "highway": "footway" }, "geometry": { "type": "LineString", "coordinates": [ [ -0.3411227, 39.477539 ], [ -0.3411517, 39.477547 ] ] } },
{ "type": "Feature", "properties": { "element": "way", "id": 1240418120, "name": "nan", "bridge": "yes", "ford": "nan", "highway": "footway" }, "geometry": { "type": "LineString", "coordinates": [ [ -0.3413294, 39.4771784 ], [ -0.3413011, 39.4771704 ] ] } },
{ "type": "Feature", "properties": { "element": "way", "id": 1240418584, "name": "Carretera Pla del Pou", "bridge": "yes", "ford": "nan", "highway": "primary" }, "geometry": { "type": "LineString", "coordinates": [ [ -0.4247396, 39.5083033 ], [ -0.4246664, 39.5082568 ] ] } },
{ "type": "Feature", "properties": { "element": "way", "id": 1240418585, "name": "nan", "bridge": "yes", "ford": "nan", "highway": "primary" }, "geometry": { "type": "LineString", "coordinates": [ [ -0.4244012, 39.5084532 ], [ -0.4244563, 39.5085001 ] ] } },
{ "type": "Feature", "properties": { "element": "way", "id": 1247292529, "name": "nan", "bridge": "yes", "ford": "nan", "highway": "footway" }, "geometry": { "type": "LineString", "coordinates": [ [ -0.4304692, 39.4395943 ], [ -0.4304692, 39.4396999 ], [ -0.4304649, 39.439727 ] ] } },
{ "type": "Feature", "properties": { "element": "way", "id": 1247292530, "name": "nan", "bridge": "yes", "ford": "nan", "highway": "footway" }, "geometry": { "type": "LineString", "coordinates": [ [ -0.4304441, 39.4395029 ], [ -0.4304692, 39.4395943 ] ] } },
{ "type": "Feature", "properties": { "element": "way", "id": 1251290276, "name": "nan", "bridge": "yes", "ford": "nan", "highway": "footway" }, "geometry": { "type": "LineString", "coordinates": [ [ -0.429269, 39.439766 ], [ -0.4293149, 39.4398617 ], [ -0.429387, 39.4399607 ] ] } },
{ "type": "Feature", "properties": { "element": "way", "id": 1257917727, "name": "nan", "bridge": "yes", "ford": "nan", "highway": "steps" }, "geometry": { "type": "LineString", "coordinates": [ [ -0.4034788, 39.4500145 ], [ -0.4035422, 39.4499542 ], [ -0.4035616, 39.4499663 ], [ -0.4035239, 39.4500022 ] ] } },
{ "type": "Feature", "properties": { "element": "way", "id": 1257917733, "name": "nan", "bridge": "yes", "ford": "nan", "highway": "steps" }, "geometry": { "type": "LineString", "coordinates": [ [ -0.4036663, 39.4501321 ], [ -0.4037265, 39.4500693 ], [ -0.4037059, 39.4500575 ], [ -0.4036723, 39.4500933 ] ] } },
{ "type": "Feature", "properties": { "element": "way", "id": 1259386752, "name": "Pont de la Ronda Est", "bridge": "yes", "ford": "nan", "highway": "tertiary" }, "geometry": { "type": "LineString", "coordinates": [ [ -0.4271337, 39.4359429 ], [ -0.4271561, 39.4357976 ] ] } },
{ "type": "Feature", "properties": { "element": "way", "id": 1268183446, "name": "Autovia del Túria", "bridge": "yes", "ford": "nan", "highway": "trunk" }, "geometry": { "type": "LineString", "coordinates": [ [ -0.409468, 39.5019813 ], [ -0.4096623, 39.5021146 ] ] } },
{ "type": "Feature", "properties": { "element": "way", "id": 1268183447, "name": "Autovia del Túria", "bridge": "yes", "ford": "nan", "highway": "trunk" }, "geometry": { "type": "LineString", "coordinates": [ [ -0.4097859, 39.5020121 ], [ -0.4095964, 39.5018735 ] ] } },
{ "type": "Feature", "properties": { "element": "way", "id": 1268183448, "name": "Autovia del Túria", "bridge": "yes", "ford": "nan", "highway": "trunk" }, "geometry": { "type": "LineString", "coordinates": [ [ -0.4102484, 39.5025096 ], [ -0.4105524, 39.5027154 ] ] } },
{ "type": "Feature", "properties": { "element": "way", "id": 1268183449, "name": "Autovia del Túria", "bridge": "yes", "ford": "nan", "highway": "trunk" }, "geometry": { "type": "LineString", "coordinates": [ [ -0.4107894, 39.5027013 ], [ -0.4104844, 39.5024906 ] ] } },
{ "type": "Feature", "properties": { "element": "way", "id": 1268183452, "name": "Autovia del Túria", "bridge": "yes", "ford": "nan", "highway": "trunk" }, "geometry": { "type": "LineString", "coordinates": [ [ -0.4110557, 39.503047 ], [ -0.4112849, 39.5031914 ] ] } },
{ "type": "Feature", "properties": { "element": "way", "id": 1268183453, "name": "Autovia del Túria", "bridge": "yes", "ford": "nan", "highway": "trunk" }, "geometry": { "type": "LineString", "coordinates": [ [ -0.4113939, 39.5030931 ], [ -0.4111672, 39.5029495 ] ] } },
{ "type": "Feature", "properties": { "element": "way", "id": 1268183456, "name": "Autovia del Túria", "bridge": "yes", "ford": "nan", "highway": "trunk" }, "geometry": { "type": "LineString", "coordinates": [ [ -0.412201, 39.5035306 ], [ -0.4120417, 39.5034533 ] ] } },
{ "type": "Feature", "properties": { "element": "way", "id": 1268183457, "name": "Autovia del Túria", "bridge": "yes", "ford": "nan", "highway": "trunk" }, "geometry": { "type": "LineString", "coordinates": [ [ -0.4119471, 39.5035613 ], [ -0.4121077, 39.5036422 ] ] } },
{ "type": "Feature", "properties": { "element": "way", "id": 1268185483, "name": "nan", "bridge": "yes", "ford": "nan", "highway": "nan" }, "geometry": { "type": "LineString", "coordinates": [ [ -0.4099422, 39.5025371 ], [ -0.4102079, 39.5027062 ] ] } },
{ "type": "Feature", "properties": { "element": "way", "id": 1268185484, "name": "nan", "bridge": "yes", "ford": "nan", "highway": "nan" }, "geometry": { "type": "LineString", "coordinates": [ [ -0.4101817, 39.5026484 ], [ -0.4099995, 39.502531 ] ] } },
{ "type": "Feature", "properties": { "element": "way", "id": 1274052736, "name": "nan", "bridge": "yes", "ford": "nan", "highway": "footway" }, "geometry": { "type": "LineString", "coordinates": [ [ -0.4306414, 39.5015512 ], [ -0.4306012, 39.5015755 ] ] } },
{ "type": "Feature", "properties": { "element": "way", "id": 1275319263, "name": "nan", "bridge": "yes", "ford": "nan", "highway": "footway" }, "geometry": { "type": "LineString", "coordinates": [ [ -0.3809631, 39.4405742 ], [ -0.3809036, 39.4407478 ] ] } },
{ "type": "Feature", "properties": { "element": "way", "id": 1275319264, "name": "Carrera de Malilla", "bridge": "yes", "ford": "nan", "highway": "tertiary" }, "geometry": { "type": "LineString", "coordinates": [ [ -0.3808062, 39.4407415 ], [ -0.3808669, 39.4405686 ] ] } },
{ "type": "Feature", "properties": { "element": "way", "id": 1275319265, "name": "Carrera de Malilla", "bridge": "yes", "ford": "nan", "highway": "tertiary" }, "geometry": { "type": "LineString", "coordinates": [ [ -0.3806443, 39.4405559 ], [ -0.3805851, 39.4407272 ] ] } },
{ "type": "Feature", "properties": { "element": "way", "id": 1275319266, "name": "nan", "bridge": "yes", "ford": "nan", "highway": "cycleway" }, "geometry": { "type": "LineString", "coordinates": [ [ -0.3805622, 39.4405508 ], [ -0.3805035, 39.4407219 ] ] } },
{ "type": "Feature", "properties": { "element": "way", "id": 1275337798, "name": "Parc Fluvial del Túria", "bridge": "yes", "ford": "nan", "highway": "path" }, "geometry": { "type": "LineString", "coordinates": [ [ -0.4340041, 39.4847967 ], [ -0.4334839, 39.4845428 ], [ -0.4330962, 39.4843314 ] ] } },
{ "type": "Feature", "properties": { "element": "way", "id": 1280932573, "name": "Camí Assagador del Morro", "bridge": "yes", "ford": "nan", "highway": "residential" }, "geometry": { "type": "LineString", "coordinates": [ [ -0.3735109, 39.4428958 ], [ -0.3735294, 39.4427843 ] ] } },
{ "type": "Feature", "properties": { "element": "way", "id": 1280932578, "name": "nan", "bridge": "yes", "ford": "nan", "highway": "footway" }, "geometry": { "type": "LineString", "coordinates": [ [ -0.3734799, 39.4427789 ], [ -0.3734612, 39.4428904 ] ] } },
{ "type": "Feature", "properties": { "element": "way", "id": 1280932582, "name": "nan", "bridge": "yes", "ford": "nan", "highway": "footway" }, "geometry": { "type": "LineString", "coordinates": [ [ -0.3735864, 39.4427905 ], [ -0.3735645, 39.4429016 ] ] } },
{ "type": "Feature", "properties": { "element": "way", "id": 1283598521, "name": "Camí de Benifaraig a Montcada", "bridge": "yes", "ford": "nan", "highway": "tertiary" }, "geometry": { "type": "LineString", "coordinates": [ [ -0.3867598, 39.5188429 ], [ -0.3867586, 39.5186225 ] ] } },
{ "type": "Feature", "properties": { "element": "way", "id": 1288381074, "name": "nan", "bridge": "yes", "ford": "nan", "highway": "footway" }, "geometry": { "type": "LineString", "coordinates": [ [ -0.4100205, 39.5194062 ], [ -0.410007, 39.5194626 ] ] } },
{ "type": "Feature", "properties": { "element": "way", "id": 1293468394, "name": "nan", "bridge": "yes", "ford": "nan", "highway": "cycleway" }, "geometry": { "type": "LineString", "coordinates": [ [ -0.3261819, 39.5084534 ], [ -0.3261432, 39.5084883 ], [ -0.3260816, 39.508518 ], [ -0.3260136, 39.5085206 ], [ -0.3259587, 39.5085101 ], [ -0.3258961, 39.5084805 ], [ -0.3258694, 39.508446 ], [ -0.3258551, 39.507967 ], [ -0.3248164, 39.5077196 ] ] } },
{ "type": "Feature", "properties": { "element": "way", "id": 1293468397, "name": "nan", "bridge": "yes", "ford": "nan", "highway": "cycleway" }, "geometry": { "type": "LineString", "coordinates": [ [ -0.3247154, 39.5076919 ], [ -0.3246008, 39.5077205 ], [ -0.3244774, 39.5077501 ], [ -0.3242931, 39.5078062 ], [ -0.3242078, 39.5079054 ], [ -0.3240747, 39.5079605 ], [ -0.3236699, 39.507984 ], [ -0.3234592, 39.5080163 ] ] } },
{ "type": "Feature", "properties": { "element": "way", "id": 1293468398, "name": "nan", "bridge": "yes", "ford": "nan", "highway": "cycleway" }, "geometry": { "type": "LineString", "coordinates": [ [ -0.3248164, 39.5077196 ], [ -0.3247154, 39.5076919 ] ] } },
{ "type": "Feature", "properties": { "element": "way", "id": 1295846773, "name": "nan", "bridge": "yes", "ford": "nan", "highway": "construction" }, "geometry": { "type": "LineString", "coordinates": [ [ -0.4589584, 39.5049853 ], [ -0.4594831, 39.5054946 ], [ -0.4595894, 39.505649 ], [ -0.4596681, 39.5057696 ], [ -0.4598, 39.5059694 ], [ -0.4599368, 39.5061215 ], [ -0.4601924, 39.5063188 ], [ -0.4604645, 39.50646 ], [ -0.4607845, 39.5065623 ], [ -0.4610295, 39.5066149 ], [ -0.461216, 39.5066345 ], [ -0.4613397, 39.506639 ], [ -0.4615409, 39.5066298 ], [ -0.4617112, 39.5065998 ], [ -0.4618947, 39.506558 ], [ -0.4621199, 39.5064768 ], [ -0.4623075, 39.5063837 ], [ -0.4625116, 39.5062754 ], [ -0.4626187, 39.5061848 ], [ -0.4627197, 39.5060916 ], [ -0.4628222, 39.5059696 ], [ -0.4629831, 39.505721 ] ] } },
{ "type": "Feature", "properties": { "element": "way", "id": 1295846774, "name": "nan", "bridge": "yes", "ford": "nan", "highway": "motorway_link" }, "geometry": { "type": "LineString", "coordinates": [ [ -0.4609561, 39.506569 ], [ -0.4616158, 39.5060953 ] ] } },
{ "type": "Feature", "properties": { "element": "way", "id": 1296089593, "name": "nan", "bridge": "yes", "ford": "nan", "highway": "motorway_link" }, "geometry": { "type": "LineString", "coordinates": [ [ -0.4611877, 39.5057909 ], [ -0.4605136, 39.5062899 ] ] } },
{ "type": "Feature", "properties": { "element": "way", "id": 1296089604, "name": "nan", "bridge": "yes", "ford": "nan", "highway": "trunk_link" }, "geometry": { "type": "LineString", "coordinates": [ [ -0.46199, 39.5046401 ], [ -0.4618414, 39.504658 ] ] } },
{ "type": "Feature", "properties": { "element": "way", "id": 1296089606, "name": "nan", "bridge": "yes", "ford": "nan", "highway": "trunk_link" }, "geometry": { "type": "LineString", "coordinates": [ [ -0.4600375, 39.5045599 ], [ -0.4598908, 39.5045267 ] ] } },
{ "type": "Feature", "properties": { "element": "way", "id": 1305003574, "name": "nan", "bridge": "yes", "ford": "nan", "highway": "cycleway" }, "geometry": { "type": "LineString", "coordinates": [ [ -0.4098326, 39.4952048 ], [ -0.4098046, 39.4953708 ], [ -0.4097668, 39.4955212 ], [ -0.4096253, 39.4956911 ], [ -0.4096538, 39.495862 ], [ -0.409904, 39.496009 ], [ -0.4100615, 39.4965056 ] ] } },
{ "type": "Feature", "properties": { "element": "way", "id": 1312651737, "name": "nan", "bridge": "yes", "ford": "nan", "highway": "cycleway" }, "geometry": { "type": "LineString", "coordinates": [ [ -0.3562679, 39.4200489 ], [ -0.356307, 39.4200799 ] ] } },
{ "type": "Feature", "properties": { "element": "way", "id": 1315419658, "name": "nan", "bridge": "yes", "ford": "nan", "highway": "footway" }, "geometry": { "type": "LineString", "coordinates": [ [ -0.3974063, 39.4359011 ], [ -0.3974218, 39.4358799 ] ] } },
{ "type": "Feature", "properties": { "element": "way", "id": 1316459909, "name": "nan", "bridge": "nan", "ford": "yes", "highway": "footway" }, "geometry": { "type": "LineString", "coordinates": [ [ -0.3929716, 39.4895009 ], [ -0.3930362, 39.4895127 ], [ -0.393062, 39.4895184 ] ] } },
{ "type": "Feature", "properties": { "element": "way", "id": 1316732921, "name": "nan", "bridge": "yes", "ford": "nan", "highway": "cycleway" }, "geometry": { "type": "LineString", "coordinates": [ [ -0.3348412, 39.4237959 ], [ -0.3349031, 39.4239594 ] ] } },
{ "type": "Feature", "properties": { "element": "way", "id": 1316993854, "name": "Carrer del Doctor Fleming", "bridge": "yes", "ford": "nan", "highway": "residential" }, "geometry": { "type": "LineString", "coordinates": [ [ -0.467034, 39.4633461 ], [ -0.4668816, 39.4634942 ] ] } },
{ "type": "Feature", "properties": { "element": "way", "id": 1316993870, "name": "nan", "bridge": "yes", "ford": "nan", "highway": "unclassified" }, "geometry": { "type": "LineString", "coordinates": [ [ -0.4756527, 39.458835 ], [ -0.4757879, 39.4587944 ] ] } },
{ "type": "Feature", "properties": { "element": "way", "id": 1316999108, "name": "nan", "bridge": "yes", "ford": "nan", "highway": "path" }, "geometry": { "type": "LineString", "coordinates": [ [ -0.4471382, 39.3758393 ], [ -0.4472851, 39.3762239 ] ] } },
{ "type": "Feature", "properties": { "element": "way", "id": 1319948100, "name": "nan", "bridge": "yes", "ford": "nan", "highway": "footway" }, "geometry": { "type": "LineString", "coordinates": [ [ -0.3924683, 39.4238536 ], [ -0.3924146, 39.4238402 ], [ -0.3923237, 39.4240402 ], [ -0.3922929, 39.4240324 ], [ -0.3923515, 39.423914 ] ] } },
{ "type": "Feature", "properties": { "element": "way", "id": 1320151075, "name": "nan", "bridge": "yes", "ford": "nan", "highway": "secondary" }, "geometry": { "type": "LineString", "coordinates": [ [ -0.3901922, 39.4293525 ], [ -0.3906889, 39.4294698 ] ] } },
{ "type": "Feature", "properties": { "element": "way", "id": 1328574969, "name": "Carretera de Picanya-Paiporta-Sedaví", "bridge": "yes", "ford": "nan", "highway": "secondary" }, "geometry": { "type": "LineString", "coordinates": [ [ -0.4142518, 39.4359498 ], [ -0.4143957, 39.4359409 ] ] } },
{ "type": "Feature", "properties": { "element": "way", "id": 1329993578, "name": "nan", "bridge": "yes", "ford": "nan", "highway": "unclassified" }, "geometry": { "type": "LineString", "coordinates": [ [ -0.4955719, 39.4652712 ], [ -0.4957326, 39.465295 ] ] } },
{ "type": "Feature", "properties": { "element": "way", "id": 1330134653, "name": "nan", "bridge": "yes", "ford": "nan", "highway": "tertiary" }, "geometry": { "type": "LineString", "coordinates": [ [ -0.381738, 39.4121201 ], [ -0.3825936, 39.4122572 ] ] } },
{ "type": "Feature", "properties": { "element": "way", "id": 1330134656, "name": "nan", "bridge": "yes", "ford": "nan", "highway": "tertiary" }, "geometry": { "type": "LineString", "coordinates": [ [ -0.3826093, 39.4122082 ], [ -0.3817516, 39.4120751 ] ] } },
{ "type": "Feature", "properties": { "element": "way", "id": 1330146025, "name": "nan", "bridge": "yes", "ford": "nan", "highway": "track" }, "geometry": { "type": "LineString", "coordinates": [ [ -0.3581547, 39.3667367 ], [ -0.3582205, 39.3667879 ] ] } },
{ "type": "Feature", "properties": { "element": "way", "id": 1330174913, "name": "nan", "bridge": "yes", "ford": "nan", "highway": "track" }, "geometry": { "type": "LineString", "coordinates": [ [ -0.3724144, 39.3841976 ], [ -0.3723958, 39.384239 ] ] } },
{ "type": "Feature", "properties": { "element": "way", "id": 1330179582, "name": "nan", "bridge": "yes", "ford": "nan", "highway": "track" }, "geometry": { "type": "LineString", "coordinates": [ [ -0.3700838, 39.412509 ], [ -0.3701267, 39.4125323 ] ] } },
{ "type": "Feature", "properties": { "element": "way", "id": 1330180065, "name": "nan", "bridge": "yes", "ford": "nan", "highway": "track" }, "geometry": { "type": "LineString", "coordinates": [ [ -0.3664796, 39.4153863 ], [ -0.3664563, 39.4153346 ] ] } },
{ "type": "Feature", "properties": { "element": "way", "id": 1330184340, "name": "nan", "bridge": "yes", "ford": "nan", "highway": "track" }, "geometry": { "type": "LineString", "coordinates": [ [ -0.3599685, 39.3898194 ], [ -0.3598961, 39.3898431 ] ] } },
{ "type": "Feature", "properties": { "element": "way", "id": 1330188363, "name": "nan", "bridge": "yes", "ford": "nan", "highway": "service" }, "geometry": { "type": "LineString", "coordinates": [ [ -0.3783817, 39.3931876 ], [ -0.3783936, 39.3931388 ] ] } },
{ "type": "Feature", "properties": { "element": "way", "id": 1330188366, "name": "nan", "bridge": "yes", "ford": "nan", "highway": "track" }, "geometry": { "type": "LineString", "coordinates": [ [ -0.384591, 39.3897757 ], [ -0.384619, 39.389731 ] ] } },
{ "type": "Feature", "properties": { "element": "way", "id": 1330201504, "name": "nan", "bridge": "yes", "ford": "nan", "highway": "track" }, "geometry": { "type": "LineString", "coordinates": [ [ -0.3405839, 39.3849417 ], [ -0.3405157, 39.3849549 ] ] } },
{ "type": "Feature", "properties": { "element": "way", "id": 1330244807, "name": "nan", "bridge": "yes", "ford": "nan", "highway": "service" }, "geometry": { "type": "LineString", "coordinates": [ [ -0.4290871, 39.3807856 ], [ -0.4290619, 39.3807918 ] ] } },
{ "type": "Feature", "properties": { "element": "way", "id": 1330244810, "name": "nan", "bridge": "yes", "ford": "nan", "highway": "track" }, "geometry": { "type": "LineString", "coordinates": [ [ -0.428629, 39.3796615 ], [ -0.4285905, 39.3796686 ] ] } },
{ "type": "Feature", "properties": { "element": "way", "id": 1330247338, "name": "nan", "bridge": "yes", "ford": "nan", "highway": "unclassified" }, "geometry": { "type": "LineString", "coordinates": [ [ -0.4269264, 39.3830642 ], [ -0.4269012, 39.3831795 ] ] } },
{ "type": "Feature", "properties": { "element": "way", "id": 1330273794, "name": "nan", "bridge": "yes", "ford": "nan", "highway": "track" }, "geometry": { "type": "LineString", "coordinates": [ [ -0.3590384, 39.4185402 ], [ -0.3590829, 39.4185963 ] ] } },
{ "type": "Feature", "properties": { "element": "way", "id": 1330278737, "name": "nan", "bridge": "yes", "ford": "nan", "highway": "service" }, "geometry": { "type": "LineString", "coordinates": [ [ -0.3633688, 39.4084292 ], [ -0.363299, 39.4084557 ] ] } },
{ "type": "Feature", "properties": { "element": "way", "id": 1330281766, "name": "nan", "bridge": "yes", "ford": "nan", "highway": "track" }, "geometry": { "type": "LineString", "coordinates": [ [ -0.3711105, 39.4099467 ], [ -0.3711396, 39.4099002 ] ] } },
{ "type": "Feature", "properties": { "element": "way", "id": 1330281770, "name": "nan", "bridge": "yes", "ford": "nan", "highway": "service" }, "geometry": { "type": "LineString", "coordinates": [ [ -0.3678942, 39.4075793 ], [ -0.3679271, 39.4075394 ] ] } },
{ "type": "Feature", "properties": { "element": "way", "id": 1330282758, "name": "nan", "bridge": "yes", "ford": "nan", "highway": "service" }, "geometry": { "type": "LineString", "coordinates": [ [ -0.3782429, 39.4074545 ], [ -0.3782371, 39.4075019 ] ] } },
{ "type": "Feature", "properties": { "element": "way", "id": 1330282761, "name": "nan", "bridge": "yes", "ford": "nan", "highway": "service" }, "geometry": { "type": "LineString", "coordinates": [ [ -0.3750041, 39.4064953 ], [ -0.3749713, 39.4065596 ] ] } },
{ "type": "Feature", "properties": { "element": "way", "id": 1330282763, "name": "nan", "bridge": "yes", "ford": "nan", "highway": "service" }, "geometry": { "type": "LineString", "coordinates": [ [ -0.3753784, 39.4066255 ], [ -0.3753484, 39.4066816 ] ] } },
{ "type": "Feature", "properties": { "element": "way", "id": 1330282766, "name": "nan", "bridge": "yes", "ford": "nan", "highway": "service" }, "geometry": { "type": "LineString", "coordinates": [ [ -0.3771379, 39.4071483 ], [ -0.3771099, 39.4072147 ] ] } },
{ "type": "Feature", "properties": { "element": "way", "id": 1330284164, "name": "nan", "bridge": "yes", "ford": "nan", "highway": "track" }, "geometry": { "type": "LineString", "coordinates": [ [ -0.4279834, 39.3915701 ], [ -0.4279995, 39.3915886 ] ] } },
{ "type": "Feature", "properties": { "element": "way", "id": 1330284166, "name": "nan", "bridge": "yes", "ford": "nan", "highway": "track" }, "geometry": { "type": "LineString", "coordinates": [ [ -0.4286165, 39.3915367 ], [ -0.4285928, 39.3914923 ] ] } },
{ "type": "Feature", "properties": { "element": "way", "id": 1330284717, "name": "nan", "bridge": "yes", "ford": "nan", "highway": "path" }, "geometry": { "type": "LineString", "coordinates": [ [ -0.4144203, 39.3919505 ], [ -0.4143033, 39.39193 ] ] } },
{ "type": "Feature", "properties": { "element": "way", "id": 1330286551, "name": "nan", "bridge": "yes", "ford": "nan", "highway": "track" }, "geometry": { "type": "LineString", "coordinates": [ [ -0.3651483, 39.3728725 ], [ -0.365191, 39.3728355 ] ] } },
{ "type": "Feature", "properties": { "element": "way", "id": 1330286555, "name": "nan", "bridge": "yes", "ford": "nan", "highway": "track" }, "geometry": { "type": "LineString", "coordinates": [ [ -0.3687581, 39.3727056 ], [ -0.3687357, 39.3727453 ] ] } },
{ "type": "Feature", "properties": { "element": "way", "id": 1330286556, "name": "nan", "bridge": "yes", "ford": "nan", "highway": "track" }, "geometry": { "type": "LineString", "coordinates": [ [ -0.3692686, 39.3722009 ], [ -0.3692229, 39.3722697 ] ] } },
{ "type": "Feature", "properties": { "element": "way", "id": 1330286560, "name": "nan", "bridge": "yes", "ford": "nan", "highway": "track" }, "geometry": { "type": "LineString", "coordinates": [ [ -0.3678811, 39.3708649 ], [ -0.3677295, 39.3708669 ] ] } },
{ "type": "Feature", "properties": { "element": "way", "id": 1330296708, "name": "nan", "bridge": "yes", "ford": "nan", "highway": "service" }, "geometry": { "type": "LineString", "coordinates": [ [ -0.352177, 39.4281493 ], [ -0.3521433, 39.428084 ] ] } },
{ "type": "Feature", "properties": { "element": "way", "id": 1330397125, "name": "nan", "bridge": "yes", "ford": "nan", "highway": "track" }, "geometry": { "type": "LineString", "coordinates": [ [ -0.3588091, 39.367265 ], [ -0.3588383, 39.3672263 ] ] } },
{ "type": "Feature", "properties": { "element": "way", "id": 1330397129, "name": "nan", "bridge": "yes", "ford": "nan", "highway": "track" }, "geometry": { "type": "LineString", "coordinates": [ [ -0.3603608, 39.3622339 ], [ -0.3603846, 39.3622393 ] ] } },
{ "type": "Feature", "properties": { "element": "way", "id": 1330397132, "name": "nan", "bridge": "yes", "ford": "nan", "highway": "track" }, "geometry": { "type": "LineString", "coordinates": [ [ -0.3617018, 39.3650826 ], [ -0.3617511, 39.3650463 ] ] } },
{ "type": "Feature", "properties": { "element": "way", "id": 1330416539, "name": "nan", "bridge": "yes", "ford": "nan", "highway": "track" }, "geometry": { "type": "LineString", "coordinates": [ [ -0.3982504, 39.3730819 ], [ -0.3982343, 39.3730441 ] ] } },
{ "type": "Feature", "properties": { "element": "way", "id": 1330416544, "name": "nan", "bridge": "yes", "ford": "nan", "highway": "track" }, "geometry": { "type": "LineString", "coordinates": [ [ -0.3955997, 39.3733893 ], [ -0.3956091, 39.3733395 ] ] } },
{ "type": "Feature", "properties": { "element": "way", "id": 1330416556, "name": "nan", "bridge": "yes", "ford": "nan", "highway": "track" }, "geometry": { "type": "LineString", "coordinates": [ [ -0.4018519, 39.3705274 ], [ -0.4018918, 39.3705458 ] ] } },
{ "type": "Feature", "properties": { "element": "way", "id": 1330416557, "name": "nan", "bridge": "yes", "ford": "nan", "highway": "track" }, "geometry": { "type": "LineString", "coordinates": [ [ -0.4016903, 39.3706419 ], [ -0.4017051, 39.3706788 ] ] } },
{ "type": "Feature", "properties": { "element": "way", "id": 1330418887, "name": "nan", "bridge": "yes", "ford": "nan", "highway": "tertiary" }, "geometry": { "type": "LineString", "coordinates": [ [ -0.4312534, 39.4716164 ], [ -0.4310651, 39.4718582 ], [ -0.4308498, 39.4721574 ], [ -0.4307016, 39.4723816 ] ] } },
{ "type": "Feature", "properties": { "element": "way", "id": 1330418926, "name": "nan", "bridge": "yes", "ford": "nan", "highway": "cycleway" }, "geometry": { "type": "LineString", "coordinates": [ [ -0.4491373, 39.4792708 ], [ -0.4492541, 39.4793163 ] ] } },
{ "type": "Feature", "properties": { "element": "way", "id": 1330438815, "name": "nan", "bridge": "yes", "ford": "nan", "highway": "track" }, "geometry": { "type": "LineString", "coordinates": [ [ -0.370222, 39.3712618 ], [ -0.3702498, 39.3712281 ] ] } },
{ "type": "Feature", "properties": { "element": "way", "id": 1330438817, "name": "nan", "bridge": "yes", "ford": "nan", "highway": "track" }, "geometry": { "type": "LineString", "coordinates": [ [ -0.3734567, 39.3734038 ], [ -0.3734902, 39.3733877 ] ] } },
{ "type": "Feature", "properties": { "element": "way", "id": 1330438820, "name": "nan", "bridge": "yes", "ford": "nan", "highway": "service" }, "geometry": { "type": "LineString", "coordinates": [ [ -0.371561, 39.3725855 ], [ -0.3715775, 39.3725576 ] ] } },
{ "type": "Feature", "properties": { "element": "way", "id": 1330438823, "name": "nan", "bridge": "yes", "ford": "nan", "highway": "service" }, "geometry": { "type": "LineString", "coordinates": [ [ -0.362883, 39.3708368 ], [ -0.3629218, 39.370808 ] ] } },
{ "type": "Feature", "properties": { "element": "way", "id": 1330439485, "name": "nan", "bridge": "yes", "ford": "nan", "highway": "service" }, "geometry": { "type": "LineString", "coordinates": [ [ -0.3720086, 39.3770431 ], [ -0.3720395, 39.3770363 ] ] } },
{ "type": "Feature", "properties": { "element": "way", "id": 1330443182, "name": "Carretera València - Sueca (pel Saler)", "bridge": "yes", "ford": "nan", "highway": "trunk" }, "geometry": { "type": "LineString", "coordinates": [ [ -0.3419254, 39.4263268 ], [ -0.3413526, 39.4289686 ] ] } },
{ "type": "Feature", "properties": { "element": "way", "id": 1330443736, "name": "nan", "bridge": "yes", "ford": "nan", "highway": "track" }, "geometry": { "type": "LineString", "coordinates": [ [ -0.368797, 39.3565842 ], [ -0.3688306, 39.3565272 ] ] } },
{ "type": "Feature", "properties": { "element": "way", "id": 1330445162, "name": "nan", "bridge": "yes", "ford": "nan", "highway": "track" }, "geometry": { "type": "LineString", "coordinates": [ [ -0.3777854, 39.3570806 ], [ -0.377812, 39.3570526 ] ] } },
{ "type": "Feature", "properties": { "element": "way", "id": 1330449316, "name": "nan", "bridge": "yes", "ford": "nan", "highway": "track" }, "geometry": { "type": "LineString", "coordinates": [ [ -0.3692443, 39.3658774 ], [ -0.369243, 39.3658359 ] ] } },
{ "type": "Feature", "properties": { "element": "way", "id": 1330459442, "name": "nan", "bridge": "yes", "ford": "nan", "highway": "track" }, "geometry": { "type": "LineString", "coordinates": [ [ -0.3868054, 39.3773054 ], [ -0.3867772, 39.377259 ] ] } },
{ "type": "Feature", "properties": { "element": "way", "id": 1330465475, "name": "nan", "bridge": "yes", "ford": "nan", "highway": "track" }, "geometry": { "type": "LineString", "coordinates": [ [ -0.3944186, 39.3732151 ], [ -0.3944138, 39.3731648 ] ] } },
{ "type": "Feature", "properties": { "element": "way", "id": 1330465476, "name": "nan", "bridge": "yes", "ford": "nan", "highway": "service" }, "geometry": { "type": "LineString", "coordinates": [ [ -0.3939899, 39.3734097 ], [ -0.3939543, 39.3733667 ] ] } },
{ "type": "Feature", "properties": { "element": "way", "id": 1330465478, "name": "nan", "bridge": "yes", "ford": "nan", "highway": "track" }, "geometry": { "type": "LineString", "coordinates": [ [ -0.3934723, 39.3734097 ], [ -0.3934748, 39.3733618 ] ] } },
{ "type": "Feature", "properties": { "element": "way", "id": 1330465480, "name": "nan", "bridge": "yes", "ford": "nan", "highway": "track" }, "geometry": { "type": "LineString", "coordinates": [ [ -0.3930238, 39.3733172 ], [ -0.3929681, 39.3733258 ], [ -0.3929124, 39.3733232 ] ] } },
{ "type": "Feature", "properties": { "element": "way", "id": 1330465483, "name": "nan", "bridge": "yes", "ford": "nan", "highway": "track" }, "geometry": { "type": "LineString", "coordinates": [ [ -0.3927589, 39.3737974 ], [ -0.3927081, 39.3737884 ] ] } },
{ "type": "Feature", "properties": { "element": "way", "id": 1330468124, "name": "nan", "bridge": "yes", "ford": "nan", "highway": "track" }, "geometry": { "type": "LineString", "coordinates": [ [ -0.3794521, 39.3698208 ], [ -0.3794588, 39.3697778 ] ] } },
{ "type": "Feature", "properties": { "element": "way", "id": 1330468128, "name": "nan", "bridge": "yes", "ford": "nan", "highway": "track" }, "geometry": { "type": "LineString", "coordinates": [ [ -0.380236, 39.3760971 ], [ -0.3802447, 39.3760733 ] ] } },
{ "type": "Feature", "properties": { "element": "way", "id": 1330468129, "name": "nan", "bridge": "yes", "ford": "nan", "highway": "track" }, "geometry": { "type": "LineString", "coordinates": [ [ -0.3782015, 39.37509 ], [ -0.3782069, 39.3750636 ] ] } },
{ "type": "Feature", "properties": { "element": "way", "id": 1330621727, "name": "nan", "bridge": "yes", "ford": "nan", "highway": "footway" }, "geometry": { "type": "LineString", "coordinates": [ [ -0.4011605, 39.3502425 ], [ -0.4011892, 39.3501836 ] ] } },
{ "type": "Feature", "properties": { "element": "way", "id": 1330627816, "name": "nan", "bridge": "yes", "ford": "nan", "highway": "unclassified" }, "geometry": { "type": "LineString", "coordinates": [ [ -0.4998666, 39.4502532 ], [ -0.4996356, 39.4501665 ] ] } },
{ "type": "Feature", "properties": { "element": "way", "id": 1330638603, "name": "nan", "bridge": "yes", "ford": "nan", "highway": "track" }, "geometry": { "type": "LineString", "coordinates": [ [ -0.396452, 39.3555385 ], [ -0.3964504, 39.3555002 ] ] } },
{ "type": "Feature", "properties": { "element": "way", "id": 1330690688, "name": "nan", "bridge": "yes", "ford": "nan", "highway": "service" }, "geometry": { "type": "LineString", "coordinates": [ [ -0.3996706, 39.356788 ], [ -0.3996947, 39.3567574 ] ] } },
{ "type": "Feature", "properties": { "element": "way", "id": 1330690690, "name": "nan", "bridge": "yes", "ford": "nan", "highway": "track" }, "geometry": { "type": "LineString", "coordinates": [ [ -0.3971192, 39.3557459 ], [ -0.3971487, 39.3556925 ] ] } },
{ "type": "Feature", "properties": { "element": "way", "id": 1330690693, "name": "nan", "bridge": "yes", "ford": "nan", "highway": "track" }, "geometry": { "type": "LineString", "coordinates": [ [ -0.3915858, 39.3542189 ], [ -0.3916179, 39.354167 ] ] } },
{ "type": "Feature", "properties": { "element": "way", "id": 1330690696, "name": "Camí de la Torreta Ampla", "bridge": "yes", "ford": "nan", "highway": "track" }, "geometry": { "type": "LineString", "coordinates": [ [ -0.3878803, 39.3530875 ], [ -0.3878657, 39.3531213 ] ] } },
{ "type": "Feature", "properties": { "element": "way", "id": 1330691188, "name": "nan", "bridge": "yes", "ford": "nan", "highway": "track" }, "geometry": { "type": "LineString", "coordinates": [ [ -0.3965619, 39.3522195 ], [ -0.3965817, 39.3521762 ] ] } },
{ "type": "Feature", "properties": { "element": "way", "id": 1330719058, "name": "nan", "bridge": "yes", "ford": "nan", "highway": "track" }, "geometry": { "type": "LineString", "coordinates": [ [ -0.436728, 39.3816908 ], [ -0.4368018, 39.3817551 ] ] } },
{ "type": "Feature", "properties": { "element": "way", "id": 1330840539, "name": "nan", "bridge": "yes", "ford": "nan", "highway": "footway" }, "geometry": { "type": "LineString", "coordinates": [ [ -0.4663404, 39.4284714 ], [ -0.466233, 39.4283584 ] ] } },
{ "type": "Feature", "properties": { "element": "way", "id": 1331451822, "name": "nan", "bridge": "yes", "ford": "nan", "highway": "cycleway" }, "geometry": { "type": "LineString", "coordinates": [ [ -0.3965579, 39.4048785 ], [ -0.397667, 39.4059023 ] ] } },
{ "type": "Feature", "properties": { "element": "way", "id": 1331454048, "name": "Distribuïdor Sud", "bridge": "yes", "ford": "nan", "highway": "trunk" }, "geometry": { "type": "LineString", "coordinates": [ [ -0.4427279, 39.4386855 ], [ -0.4433032, 39.4382977 ] ] } },
{ "type": "Feature", "properties": { "element": "way", "id": 1331454049, "name": "nan", "bridge": "yes", "ford": "nan", "highway": "trunk_link" }, "geometry": { "type": "LineString", "coordinates": [ [ -0.4424765, 39.4388969 ], [ -0.4426574, 39.4387666 ], [ -0.4427279, 39.4386855 ] ] } },
{ "type": "Feature", "properties": { "element": "way", "id": 1331535607, "name": "nan", "bridge": "yes", "ford": "nan", "highway": "track" }, "geometry": { "type": "LineString", "coordinates": [ [ -0.359376, 39.3656218 ], [ -0.3593101, 39.3656695 ] ] } },
{ "type": "Feature", "properties": { "element": "way", "id": 1331545983, "name": "nan", "bridge": "yes", "ford": "nan", "highway": "path" }, "geometry": { "type": "LineString", "coordinates": [ [ -0.358374, 39.3970762 ], [ -0.3583927, 39.3970322 ] ] } },
{ "type": "Feature", "properties": { "element": "way", "id": 1331545989, "name": "nan", "bridge": "yes", "ford": "nan", "highway": "path" }, "geometry": { "type": "LineString", "coordinates": [ [ -0.3607162, 39.3958578 ], [ -0.3608094, 39.3958165 ] ] } },
{ "type": "Feature", "properties": { "element": "way", "id": 1331547471, "name": "nan", "bridge": "yes", "ford": "nan", "highway": "path" }, "geometry": { "type": "LineString", "coordinates": [ [ -0.351244, 39.3949941 ], [ -0.3512923, 39.3949687 ] ] } },
{ "type": "Feature", "properties": { "element": "way", "id": 1331550148, "name": "nan", "bridge": "yes", "ford": "nan", "highway": "track" }, "geometry": { "type": "LineString", "coordinates": [ [ -0.3464598, 39.3922672 ], [ -0.3464838, 39.3922875 ] ] } },
{ "type": "Feature", "properties": { "element": "way", "id": 1331766261, "name": "nan", "bridge": "yes", "ford": "nan", "highway": "footway" }, "geometry": { "type": "LineString", "coordinates": [ [ -0.4568485, 39.449961 ], [ -0.4569152, 39.4499469 ] ] } },
{ "type": "Feature", "properties": { "element": "way", "id": 1331937791, "name": "Pont d'Adolfo Suárez", "bridge": "yes", "ford": "nan", "highway": "footway" }, "geometry": { "type": "LineString", "coordinates": [ [ -0.4510258, 39.3694475 ], [ -0.4509101, 39.369424 ], [ -0.4507581, 39.3693894 ], [ -0.4505735, 39.3693484 ] ] } },
{ "type": "Feature", "properties": { "element": "way", "id": 1332841219, "name": "nan", "bridge": "yes", "ford": "nan", "highway": "footway" }, "geometry": { "type": "LineString", "coordinates": [ [ -0.4631482, 39.4326308 ], [ -0.4631676, 39.4326143 ] ] } },
{ "type": "Feature", "properties": { "element": "way", "id": 1335891425, "name": "nan", "bridge": "yes", "ford": "nan", "highway": "footway" }, "geometry": { "type": "LineString", "coordinates": [ [ -0.3921627, 39.423864 ], [ -0.3922149, 39.4237204 ], [ -0.3921887, 39.4237147 ], [ -0.3921024, 39.4239345 ] ] } },
{ "type": "Feature", "properties": { "element": "way", "id": 1335891426, "name": "nan", "bridge": "yes", "ford": "nan", "highway": "footway" }, "geometry": { "type": "LineString", "coordinates": [ [ -0.3923515, 39.423914 ], [ -0.3921627, 39.423864 ] ] } },
{ "type": "Feature", "properties": { "element": "way", "id": 1345689704, "name": "nan", "bridge": "yes", "ford": "nan", "highway": "nan" }, "geometry": { "type": "LineString", "coordinates": [ [ -0.4667221, 39.5133993 ], [ -0.4668528, 39.51359 ] ] } },
{ "type": "Feature", "properties": { "element": "way", "id": 1345689706, "name": "nan", "bridge": "yes", "ford": "nan", "highway": "nan" }, "geometry": { "type": "LineString", "coordinates": [ [ -0.4666696, 39.5134153 ], [ -0.4668028, 39.5136076 ] ] } },
{ "type": "Feature", "properties": { "element": "way", "id": 1346388002, "name": "nan", "bridge": "yes", "ford": "nan", "highway": "cycleway" }, "geometry": { "type": "LineString", "coordinates": [ [ -0.4303751, 39.4822127 ], [ -0.4302725, 39.4822561 ], [ -0.4302131, 39.4822793 ] ] } },
{ "type": "Feature", "properties": { "element": "way", "id": 1346388006, "name": "nan", "bridge": "yes", "ford": "nan", "highway": "cycleway" }, "geometry": { "type": "LineString", "coordinates": [ [ -0.4326897, 39.4812065 ], [ -0.4324836, 39.481292 ] ] } },
{ "type": "Feature", "properties": { "element": "way", "id": 1346398449, "name": "nan", "bridge": "yes", "ford": "nan", "highway": "motorway_link" }, "geometry": { "type": "LineString", "coordinates": [ [ -0.4253318, 39.4696361 ], [ -0.4252897, 39.4696654 ], [ -0.4252229, 39.4697014 ] ] } },
{ "type": "Feature", "properties": { "element": "way", "id": 1346399867, "name": "nan", "bridge": "yes", "ford": "nan", "highway": "footway" }, "geometry": { "type": "LineString", "coordinates": [ [ -0.4180125, 39.4606998 ], [ -0.418005, 39.4606262 ] ] } },
{ "type": "Feature", "properties": { "element": "way", "id": 1346431369, "name": "nan", "bridge": "yes", "ford": "nan", "highway": "trunk" }, "geometry": { "type": "LineString", "coordinates": [ [ -0.3356122, 39.427507 ], [ -0.3355687, 39.4276189 ] ] } },
{ "type": "Feature", "properties": { "element": "way", "id": 1346431375, "name": "nan", "bridge": "yes", "ford": "nan", "highway": "trunk" }, "geometry": { "type": "LineString", "coordinates": [ [ -0.3358656, 39.4270572 ], [ -0.3357067, 39.4273105 ] ] } },
{ "type": "Feature", "properties": { "element": "way", "id": 1347853261, "name": "nan", "bridge": "yes", "ford": "nan", "highway": "track" }, "geometry": { "type": "LineString", "coordinates": [ [ -0.3580145, 39.3872697 ], [ -0.3581078, 39.3872393 ] ] } },
{ "type": "Feature", "properties": { "element": "way", "id": 1364983139, "name": "nan", "bridge": "yes", "ford": "nan", "highway": "footway" }, "geometry": { "type": "LineString", "coordinates": [ [ -0.4167078, 39.5050068 ], [ -0.4165595, 39.5052846 ] ] } },
{ "type": "Feature", "properties": { "element": "way", "id": 1364983145, "name": "nan", "bridge": "yes", "ford": "nan", "highway": "footway" }, "geometry": { "type": "LineString", "coordinates": [ [ -0.4165595, 39.5052846 ], [ -0.4163961, 39.5052331 ], [ -0.4163897, 39.5052471 ], [ -0.4167213, 39.5053524 ] ] } },
{ "type": "Feature", "properties": { "element": "way", "id": 1386136738, "name": "nan", "bridge": "yes", "ford": "nan", "highway": "nan" }, "geometry": { "type": "Polygon", "coordinates": [ [ [ -0.3382147, 39.458639 ], [ -0.3381344, 39.4586317 ], [ -0.3381419, 39.4585791 ], [ -0.3382239, 39.458585 ], [ -0.3382147, 39.458639 ] ] ] } },
{ "type": "Feature", "properties": { "element": "way", "id": 1392980901, "name": "nan", "bridge": "yes", "ford": "nan", "highway": "footway" }, "geometry": { "type": "LineString", "coordinates": [ [ -0.4321843, 39.4755497 ], [ -0.4321365, 39.4753528 ] ] } },
{ "type": "Feature", "properties": { "element": "way", "id": 1410097974, "name": "Camí Nou de Paterna", "bridge": "yes", "ford": "nan", "highway": "tertiary" }, "geometry": { "type": "LineString", "coordinates": [ [ -0.4290272, 39.4979969 ], [ -0.4293415, 39.4980093 ], [ -0.4294327, 39.4980404 ] ] } },
{ "type": "Feature", "properties": { "element": "way", "id": 1410949721, "name": "nan", "bridge": "yes", "ford": "nan", "highway": "cycleway" }, "geometry": { "type": "LineString", "coordinates": [ [ -0.4386637, 39.4963977 ], [ -0.4387444, 39.4963331 ] ] } },
{ "type": "Feature", "properties": { "element": "way", "id": 1421202763, "name": "nan", "bridge": "yes", "ford": "nan", "highway": "path" }, "geometry": { "type": "LineString", "coordinates": [ [ -0.3538808, 39.5071809 ], [ -0.3538422, 39.5065356 ] ] } },
{ "type": "Feature", "properties": { "element": "way", "id": 1425517767, "name": "nan", "bridge": "yes", "ford": "nan", "highway": "footway" }, "geometry": { "type": "LineString", "coordinates": [ [ -0.4649923, 39.362652 ], [ -0.4648238, 39.3626476 ] ] } },
{ "type": "Feature", "properties": { "element": "way", "id": 1427541351, "name": "nan", "bridge": "yes", "ford": "nan", "highway": "cycleway" }, "geometry": { "type": "LineString", "coordinates": [ [ -0.4454777, 39.4859141 ], [ -0.4455691, 39.4858814 ] ] } },
{ "type": "Feature", "properties": { "element": "way", "id": 1427547121, "name": "nan", "bridge": "yes", "ford": "nan", "highway": "cycleway" }, "geometry": { "type": "LineString", "coordinates": [ [ -0.4328549, 39.4802556 ], [ -0.4335011, 39.4804841 ] ] } },
{ "type": "Feature", "properties": { "element": "way", "id": 1427553835, "name": "nan", "bridge": "yes", "ford": "nan", "highway": "cycleway" }, "geometry": { "type": "LineString", "coordinates": [ [ -0.4332949, 39.5143443 ], [ -0.4328706, 39.5140491 ] ] } },
{ "type": "Feature", "properties": { "element": "way", "id": 1427555833, "name": "nan", "bridge": "yes", "ford": "nan", "highway": "cycleway" }, "geometry": { "type": "LineString", "coordinates": [ [ -0.4141688, 39.4360521 ], [ -0.414353, 39.4360424 ] ] } },
{ "type": "Feature", "properties": { "element": "way", "id": 1443194284, "name": "nan", "bridge": "yes", "ford": "nan", "highway": "footway" }, "geometry": { "type": "LineString", "coordinates": [ [ -0.4346716, 39.4774294 ], [ -0.4347961, 39.4773304 ] ] } },
{ "type": "Feature", "properties": { "element": "way", "id": 1443194301, "name": "nan", "bridge": "yes", "ford": "nan", "highway": "footway" }, "geometry": { "type": "LineString", "coordinates": [ [ -0.4338018, 39.4759999 ], [ -0.4340247, 39.4760344 ] ] } },
{ "type": "Feature", "properties": { "element": "way", "id": 1444139943, "name": "nan", "bridge": "yes", "ford": "nan", "highway": "footway" }, "geometry": { "type": "LineString", "coordinates": [ [ -0.410271, 39.4786762 ], [ -0.4102623, 39.4787263 ] ] } },
{ "type": "Feature", "properties": { "element": "way", "id": 1444139962, "name": "nan", "bridge": "yes", "ford": "nan", "highway": "footway" }, "geometry": { "type": "LineString", "coordinates": [ [ -0.4120064, 39.4785256 ], [ -0.412007, 39.4785773 ] ] } },
{ "type": "Feature", "properties": { "element": "way", "id": 1445385896, "name": "nan", "bridge": "yes", "ford": "nan", "highway": "motorway_link" }, "geometry": { "type": "LineString", "coordinates": [ [ -0.4858362, 39.4747693 ], [ -0.484855, 39.47521 ] ] } },
{ "type": "Feature", "properties": { "element": "way", "id": 1445385898, "name": "Autovía del Este / Autovia de l'Est", "bridge": "yes", "ford": "nan", "highway": "motorway" }, "geometry": { "type": "LineString", "coordinates": [ [ -0.4859242, 39.474878 ], [ -0.4849993, 39.4752815 ] ] } },
{ "type": "Feature", "properties": { "element": "way", "id": 1445385900, "name": "Autovía del Este / Autovia de l'Est", "bridge": "yes", "ford": "nan", "highway": "motorway" }, "geometry": { "type": "LineString", "coordinates": [ [ -0.4851694, 39.4753598 ], [ -0.4859808, 39.4749952 ] ] } },
{ "type": "Feature", "properties": { "element": "way", "id": 1445385902, "name": "nan", "bridge": "yes", "ford": "nan", "highway": "motorway_link" }, "geometry": { "type": "LineString", "coordinates": [ [ -0.4853161, 39.4754063 ], [ -0.4860991, 39.4750643 ] ] } },
{ "type": "Feature", "properties": { "element": "way", "id": 1445474788, "name": "nan", "bridge": "yes", "ford": "nan", "highway": "motorway_link" }, "geometry": { "type": "LineString", "coordinates": [ [ -0.4502099, 39.4944758 ], [ -0.450257, 39.4945305 ], [ -0.4503491, 39.494567 ] ] } },
{ "type": "Feature", "properties": { "element": "way", "id": 1450856979, "name": "nan", "bridge": "yes", "ford": "nan", "highway": "footway" }, "geometry": { "type": "LineString", "coordinates": [ [ -0.4660237, 39.4264872 ], [ -0.4660025, 39.4265078 ] ] } },
{ "type": "Feature", "properties": { "element": "way", "id": 1450856981, "name": "nan", "bridge": "yes", "ford": "nan", "highway": "footway" }, "geometry": { "type": "LineString", "coordinates": [ [ -0.4661963, 39.4263257 ], [ -0.4662342, 39.426349 ], [ -0.4662201, 39.4263637 ] ] } },
{ "type": "Feature", "properties": { "element": "way", "id": 1450856984, "name": "nan", "bridge": "yes", "ford": "nan", "highway": "footway" }, "geometry": { "type": "LineString", "coordinates": [ [ -0.4666238, 39.4259942 ], [ -0.466656, 39.4260138 ], [ -0.4666813, 39.4260023 ] ] } },
{ "type": "Feature", "properties": { "element": "way", "id": 1450878939, "name": "nan", "bridge": "yes", "ford": "nan", "highway": "footway" }, "geometry": { "type": "LineString", "coordinates": [ [ -0.3942447, 39.4143137 ], [ -0.3935823, 39.4141949 ] ] } },
{ "type": "Feature", "properties": { "element": "way", "id": 1452689832, "name": "nan", "bridge": "yes", "ford": "nan", "highway": "footway" }, "geometry": { "type": "LineString", "coordinates": [ [ -0.3859323, 39.4017326 ], [ -0.3857283, 39.402051 ] ] } },
{ "type": "Feature", "properties": { "element": "way", "id": 1453132028, "name": "nan", "bridge": "yes", "ford": "nan", "highway": "track" }, "geometry": { "type": "LineString", "coordinates": [ [ -0.4237803, 39.4857589 ], [ -0.4237859, 39.4857331 ], [ -0.4237883, 39.4857123 ] ] } },
{ "type": "Feature", "properties": { "element": "way", "id": 1455455141, "name": "nan", "bridge": "yes", "ford": "nan", "highway": "footway" }, "geometry": { "type": "LineString", "coordinates": [ [ -0.3983254, 39.4056229 ], [ -0.3980953, 39.4054376 ], [ -0.3978844, 39.4052421 ], [ -0.3977381, 39.4050971 ], [ -0.3976985, 39.4050523 ], [ -0.3973888, 39.4046786 ], [ -0.3972194, 39.4044606 ], [ -0.3970653, 39.404275 ], [ -0.3969804, 39.4041761 ], [ -0.3969205, 39.40411 ], [ -0.3968842, 39.4040721 ] ] } },
{ "type": "Feature", "properties": { "element": "way", "id": 1457341796, "name": "nan", "bridge": "yes", "ford": "nan", "highway": "cycleway" }, "geometry": { "type": "LineString", "coordinates": [ [ -0.4515162, 39.3669512 ], [ -0.4519565, 39.3671418 ] ] } },
{ "type": "Feature", "properties": { "element": "way", "id": 1464359137, "name": "Camí del Devadillo", "bridge": "yes", "ford": "nan", "highway": "unclassified" }, "geometry": { "type": "LineString", "coordinates": [ [ -0.4899895, 39.352506 ], [ -0.4895715, 39.35313 ] ] } },
{ "type": "Feature", "properties": { "element": "way", "id": 1481315079, "name": "nan", "bridge": "yes", "ford": "nan", "highway": "footway" }, "geometry": { "type": "LineString", "coordinates": [ [ -0.4795776, 39.4367057 ], [ -0.4795817, 39.4363515 ] ] } },
{ "type": "Feature", "properties": { "element": "way", "id": 1483059248, "name": "nan", "bridge": "yes", "ford": "nan", "highway": "secondary_link" }, "geometry": { "type": "LineString", "coordinates": [ [ -0.4708504, 39.4936257 ], [ -0.4713153, 39.4935545 ] ] } },
{ "type": "Feature", "properties": { "element": "way", "id": 1483059264, "name": "nan", "bridge": "yes", "ford": "nan", "highway": "motorway_link" }, "geometry": { "type": "LineString", "coordinates": [ [ -0.4698075, 39.493345 ], [ -0.4699261, 39.4933675 ], [ -0.4700483, 39.4933662 ], [ -0.470166, 39.4933412 ], [ -0.4702718, 39.493294 ], [ -0.4703587, 39.4932277 ] ] } },
{ "type": "Feature", "properties": { "element": "way", "id": 1488077501, "name": "nan", "bridge": "yes", "ford": "nan", "highway": "motorway_link" }, "geometry": { "type": "LineString", "coordinates": [ [ -0.4601816, 39.5052009 ], [ -0.4601978, 39.5050685 ] ] } },
{ "type": "Feature", "properties": { "element": "way", "id": 1488097089, "name": "nan", "bridge": "yes", "ford": "nan", "highway": "trunk_link" }, "geometry": { "type": "LineString", "coordinates": [ [ -0.4594536, 39.5070591 ], [ -0.4593521, 39.5071335 ] ] } },
{ "type": "Feature", "properties": { "element": "way", "id": 1489255349, "name": "nan", "bridge": "yes", "ford": "nan", "highway": "footway" }, "geometry": { "type": "LineString", "coordinates": [ [ -0.4552895, 39.4423801 ], [ -0.4555317, 39.4415626 ] ] } },
{ "type": "Feature", "properties": { "element": "way", "id": 1489255351, "name": "nan", "bridge": "yes", "ford": "nan", "highway": "footway" }, "geometry": { "type": "LineString", "coordinates": [ [ -0.4551728, 39.4430441 ], [ -0.4551787, 39.4430408 ], [ -0.4552449, 39.4430021 ], [ -0.4553066, 39.4429414 ], [ -0.4553449, 39.4428828 ], [ -0.4553627, 39.4428476 ], [ -0.4553768, 39.4428046 ], [ -0.4553864, 39.4427364 ] ] } },
{ "type": "Feature", "properties": { "element": "way", "id": 1505104028, "name": "nan", "bridge": "yes", "ford": "nan", "highway": "tertiary" }, "geometry": { "type": "LineString", "coordinates": [ [ -0.4554955, 39.5017363 ], [ -0.4556403, 39.5019077 ] ] } },
{ "type": "Feature", "properties": { "element": "way", "id": 1505104034, "name": "nan", "bridge": "yes", "ford": "nan", "highway": "construction" }, "geometry": { "type": "LineString", "coordinates": [ [ -0.4613258, 39.505901 ], [ -0.4606612, 39.506373 ] ] } },
{ "type": "Feature", "properties": { "element": "way", "id": 1505104038, "name": "nan", "bridge": "yes", "ford": "nan", "highway": "motorway_link" }, "geometry": { "type": "LineString", "coordinates": [ [ -0.4595618, 39.4823553 ], [ -0.4595505, 39.4822338 ], [ -0.4595645, 39.4821067 ] ] } },
{ "type": "Feature", "properties": { "element": "way", "id": 1508433792, "name": "nan", "bridge": "yes", "ford": "nan", "highway": "footway" }, "geometry": { "type": "LineString", "coordinates": [ [ -0.3934352, 39.4141684 ], [ -0.3928193, 39.414058 ] ] } },
{ "type": "Feature", "properties": { "element": "way", "id": 1508433793, "name": "nan", "bridge": "yes", "ford": "nan", "highway": "footway" }, "geometry": { "type": "LineString", "coordinates": [ [ -0.3935823, 39.4141949 ], [ -0.3934802, 39.4141765 ] ] } },
{ "type": "Feature", "properties": { "element": "way", "id": 1508433794, "name": "nan", "bridge": "yes", "ford": "nan", "highway": "footway" }, "geometry": { "type": "LineString", "coordinates": [ [ -0.3934802, 39.4141765 ], [ -0.3934352, 39.4141684 ] ] } },
{ "type": "Feature", "properties": { "element": "way", "id": 1521333515, "name": "nan", "bridge": "yes", "ford": "nan", "highway": "path" }, "geometry": { "type": "LineString", "coordinates": [ [ -0.3717424, 39.5102663 ], [ -0.3718018, 39.5104565 ] ] } },
{ "type": "Feature", "properties": { "element": "way", "id": 1521333525, "name": "nan", "bridge": "yes", "ford": "nan", "highway": "path" }, "geometry": { "type": "LineString", "coordinates": [ [ -0.3764447, 39.5120507 ], [ -0.3766609, 39.5119342 ] ] } },
{ "type": "Feature", "properties": { "element": "way", "id": 1528842133, "name": "nan", "bridge": "yes", "ford": "nan", "highway": "footway" }, "geometry": { "type": "LineString", "coordinates": [ [ -0.3809786, 39.4534498 ], [ -0.3810575, 39.4532064 ] ] } },
{ "type": "Feature", "properties": { "element": "way", "id": 1528842134, "name": "nan", "bridge": "yes", "ford": "nan", "highway": "footway" }, "geometry": { "type": "LineString", "coordinates": [ [ -0.3811288, 39.4530672 ], [ -0.3810071, 39.4534535 ], [ -0.3809785, 39.4534498 ], [ -0.3810988, 39.453075 ] ] } },
{ "type": "Feature", "properties": { "element": "way", "id": 1528842135, "name": "nan", "bridge": "yes", "ford": "nan", "highway": "footway" }, "geometry": { "type": "LineString", "coordinates": [ [ -0.38201, 39.4532559 ], [ -0.3815053, 39.4531034 ], [ -0.3811288, 39.4530672 ] ] } },
{ "type": "Feature", "properties": { "element": "way", "id": 1528842136, "name": "nan", "bridge": "yes", "ford": "nan", "highway": "footway" }, "geometry": { "type": "LineString", "coordinates": [ [ -0.3810988, 39.453075 ], [ -0.3811247, 39.4530796 ], [ -0.381007, 39.4534534 ], [ -0.3809786, 39.4534498 ] ] } },
{ "type": "Feature", "properties": { "element": "way", "id": 1528842137, "name": "nan", "bridge": "yes", "ford": "nan", "highway": "footway" }, "geometry": { "type": "LineString", "coordinates": [ [ -0.3822843, 39.4533273 ], [ -0.382464, 39.4533649 ] ] } },
{ "type": "Feature", "properties": { "element": "way", "id": 1528842138, "name": "nan", "bridge": "yes", "ford": "nan", "highway": "footway" }, "geometry": { "type": "LineString", "coordinates": [ [ -0.3820063, 39.4532687 ], [ -0.3824639, 39.4533649 ], [ -0.3824688, 39.4533512 ], [ -0.38201, 39.4532559 ] ] } },
{ "type": "Feature", "properties": { "element": "way", "id": 1528842139, "name": "nan", "bridge": "yes", "ford": "nan", "highway": "footway" }, "geometry": { "type": "LineString", "coordinates": [ [ -0.382464, 39.4533649 ], [ -0.382469, 39.4533511 ], [ -0.3820103, 39.4532557 ], [ -0.3820063, 39.4532687 ] ] } },
{ "type": "Feature", "properties": { "element": "way", "id": 1530043044, "name": "nan", "bridge": "yes", "ford": "nan", "highway": "footway" }, "geometry": { "type": "LineString", "coordinates": [ [ -0.3699277, 39.4391322 ], [ -0.3697401, 39.4405125 ], [ -0.3696184, 39.4414083 ], [ -0.3692582, 39.4440584 ] ] } },
{ "type": "Feature", "properties": { "element": "way", "id": 1535673032, "name": "nan", "bridge": "yes", "ford": "nan", "highway": "footway" }, "geometry": { "type": "LineString", "coordinates": [ [ -0.4554278, 39.360982 ], [ -0.4563241, 39.3617054 ] ] } },
{ "type": "Feature", "properties": { "element": "way", "id": 1535673033, "name": "nan", "bridge": "yes", "ford": "nan", "highway": "footway" }, "geometry": { "type": "LineString", "coordinates": [ [ -0.4563971, 39.3616549 ], [ -0.455496, 39.3609341 ] ] } },
{ "type": "Feature", "properties": { "element": "way", "id": 1537166215, "name": "nan", "bridge": "yes", "ford": "nan", "highway": "track" }, "geometry": { "type": "LineString", "coordinates": [ [ -0.3962106, 39.3733758 ], [ -0.3962065, 39.3734282 ] ] } },
{ "type": "Feature", "properties": { "element": "way", "id": 1540060384, "name": "nan", "bridge": "yes", "ford": "nan", "highway": "nan" }, "geometry": { "type": "LineString", "coordinates": [ [ -0.4556522, 39.5060518 ], [ -0.4557363, 39.5061057 ] ] } },
{ "type": "Feature", "properties": { "element": "way", "id": 1540082646, "name": "nan", "bridge": "yes", "ford": "nan", "highway": "track" }, "geometry": { "type": "LineString", "coordinates": [ [ -0.4315824, 39.4553419 ], [ -0.431538, 39.4553298 ] ] } },
{ "type": "Feature", "properties": { "element": "way", "id": 1543173755, "name": "nan", "bridge": "yes", "ford": "nan", "highway": "footway" }, "geometry": { "type": "LineString", "coordinates": [ [ -0.3659338, 39.4559197 ], [ -0.365848, 39.4559554 ] ] } },
{ "type": "Feature", "properties": { "element": "way", "id": 1545820928, "name": "nan", "bridge": "yes", "ford": "nan", "highway": "footway" }, "geometry": { "type": "LineString", "coordinates": [ [ -0.4388319, 39.4373929 ], [ -0.4387759, 39.4374323 ], [ -0.438721, 39.4374724 ], [ -0.4382488, 39.4377911 ], [ -0.438188, 39.4378316 ] ] } },
{ "type": "Feature", "properties": { "element": "way", "id": 1546370473, "name": "nan", "bridge": "yes", "ford": "nan", "highway": "cycleway" }, "geometry": { "type": "LineString", "coordinates": [ [ -0.3589461, 39.4186647 ], [ -0.3590088, 39.4186333 ] ] } },
{ "type": "Feature", "properties": { "element": "way", "id": 1546716217, "name": "nan", "bridge": "yes", "ford": "nan", "highway": "footway" }, "geometry": { "type": "LineString", "coordinates": [ [ -0.3589602, 39.4323913 ], [ -0.3589227, 39.4324579 ], [ -0.3588605, 39.4325673 ], [ -0.3587622, 39.4327269 ], [ -0.3586433, 39.4329302 ], [ -0.358485, 39.4331951 ], [ -0.358388, 39.4333649 ], [ -0.358215, 39.4336505 ], [ -0.3581086, 39.43384 ], [ -0.3579329, 39.4341273 ], [ -0.3578203, 39.4343179 ], [ -0.3576187, 39.434659 ], [ -0.3575065, 39.4348461 ], [ -0.3574077, 39.4350391 ], [ -0.3573817, 39.4351462 ], [ -0.3573835, 39.4351828 ] ] } },
{ "type": "Feature", "properties": { "element": "way", "id": 1546716218, "name": "nan", "bridge": "yes", "ford": "nan", "highway": "footway" }, "geometry": { "type": "LineString", "coordinates": [ [ -0.35719, 39.4351341 ], [ -0.3572369, 39.4350688 ], [ -0.3573281, 39.434909 ], [ -0.357434, 39.4347346 ], [ -0.3575874, 39.4344726 ], [ -0.3577099, 39.4342644 ], [ -0.3578565, 39.4340227 ], [ -0.3579834, 39.4338096 ], [ -0.358122, 39.4335749 ], [ -0.3582445, 39.4333667 ], [ -0.3584068, 39.4330929 ], [ -0.3584877, 39.4329572 ], [ -0.3586866, 39.432626 ], [ -0.3587577, 39.4324979 ], [ -0.3588511, 39.432337 ], [ -0.3588985, 39.4322635 ], [ -0.3589347, 39.4321924 ] ] } },
{ "type": "Feature", "properties": { "element": "way", "id": 1547631621, "name": "nan", "bridge": "yes", "ford": "nan", "highway": "cycleway" }, "geometry": { "type": "LineString", "coordinates": [ [ -0.3958156, 39.4752325 ], [ -0.3966293, 39.4763688 ], [ -0.3966379, 39.4763906 ], [ -0.3966415, 39.4764118 ] ] } },
{ "type": "Feature", "properties": { "element": "way", "id": 1551987418, "name": "nan", "bridge": "yes", "ford": "nan", "highway": "construction" }, "geometry": { "type": "LineString", "coordinates": [ [ -0.3749845, 39.422461 ], [ -0.3745439, 39.4224943 ], [ -0.3740818, 39.422342 ], [ -0.3737487, 39.4223463 ] ] } },
{ "type": "Feature", "properties": { "element": "way", "id": 1552572397, "name": "nan", "bridge": "yes", "ford": "nan", "highway": "unclassified" }, "geometry": { "type": "LineString", "coordinates": [ [ -0.4289983, 39.4923976 ], [ -0.4292896, 39.4926713 ] ] } },
{ "type": "Feature", "properties": { "element": "way", "id": 1557290890, "name": "nan", "bridge": "yes", "ford": "nan", "highway": "steps" }, "geometry": { "type": "LineString", "coordinates": [ [ -0.3697401, 39.4405125 ], [ -0.369796, 39.4405174 ], [ -0.3697981, 39.4405027 ], [ -0.3697734, 39.4405005 ] ] } },
{ "type": "Feature", "properties": { "element": "way", "id": 1557290893, "name": "nan", "bridge": "yes", "ford": "nan", "highway": "steps" }, "geometry": { "type": "LineString", "coordinates": [ [ -0.3696184, 39.4414083 ], [ -0.3696823, 39.4414141 ], [ -0.3696844, 39.4414009 ], [ -0.369658, 39.4413985 ] ] } }
]
}
